M.1574237004.A.874,Re: [新聞] 柯文哲：那些搞台獨的兒孫全躲美、紐，,madaniel (大孩子的小童話),搞台獨的兒孫都躲美紐? 這不是199X年代魯叔就聽狗黨走狗們狗吠的論點嗎？ 以前狗黨獨裁殺人， 台獨的一個個逃到美國尋政治庇護 以前台獨聯盟總部就在美國 後來彭明敏，蔡同榮，陳唐山，李應元等等 在鄭南榕自焚後再一個個闖關回 來 這就是為什麼台獨子孫多在美國 人家被狗黨迫害，在美國住幾十年 自己或許可能還回來繼續對抗狗黨 在美國生長的後人就未必了 如果這樣說還很難懂，那來個時事 這陣子香港來台灣尋求庇護的自由鬥士們 如果過幾十年後共慘走狗在那狗吠 說搞港獨的兒孫都在台灣，都是騙子啊 你們會覺得香港自由鬥士們都是騙子? 還是共慘走狗們下賤無恥? 柯屁現在帶領白圾柯糞們一起當智障啊~ 還是吃魯叔幾十年前就聽爛的狗黨殺人走狗們的口水呢 政治不難，只是找回良心而已 但現在看來，柯屁良心被狗吃惹 林北2014投的柯屁看來只是塑造出來的幻影吧 : 發文無1~6小標格式或未依順序任意刪除者會被刪文 : 1.媒體來源: : 聯合新聞網 : 2.記者署名 : 蘇健忠/ 報導 : 3.完整新聞標題: : 柯文哲：那些搞台獨的兒孫全躲美、紐，都騙子啊 : 4.完整新聞內文: : 民眾黨主席柯文哲出席ivoter上線記者會，揭民眾黨對諸多議題的立場，談到恢復徵兵制 : 的問題時，柯文哲語出驚人表示：那些搞台獨的兒子孫子全部躲在美國、躲在紐西蘭，都 : 騙子啊。 : 5.完整新聞連結 (或短網址): : https://video.udn.com/news/1161122 : 6.備註: : 所以沒地方躲的只好明哲保身跟著兩岸一家親...了解 現在還有文盲?內文不就說自己可能還回來 在美國生長的子孫未必願意不是? 國民義務教育沒接受嗎？ 可以去上上學學閱讀啊 搞消滅萬惡共匪的後人都可以舔共了 搞台獨的後人不能不搞台獨??? 現在還有子必承父業這套? 你們昨天不是還說那群是真親共， 說什麼反共是工作，親共是生活 現在又說他們是台獨工作者啦？ 你的工作是用力轉髮夾灣? 反抗殺人極權當然可以鄙視殺人走狗啊 我倒很想知道你們狗幹任何反抗狗黨爭民主過的人 自己除了狗幹什麼都不做又那來的光榮感? momowawa1981: 在線等 39.12.37.190 11/20 16:07 林北在線等 所以你說蔡不是搞台獨的? 那去糾正共慘黨說牠們智障搞錯啊~ 林北在線等 吃屎智障下賤無恥賤畜五毛白共蟑螂 下去吃屎然後去死 賤畜五毛黨白共蟑螂還敢吃屎崩潰啊 林北指出柯屁跟以前的狗黨走狗一樣無恥智障 你們賤畜五毛白共蟑螂繼續悲憤吧 沒人想要台獨那支那國狗吠幾十年 要打到現在不敢過來是等什麼? 因為支那賤畜孬種? 所以賤畜五毛們只敢狗吠不敢打為啥? 因為支那賤畜孬種無用生下來沒帶把? 柯屁信徒複製貼上囉 現在2019年柯屁還拿199X年狗黨抹屎的梗被林北打臉，怪我囉？ 柯屁又有證實台獨子孫都在美紐嗎？ 林北舉出一個子孫在台灣， 白共柯糞自殺一隻 敢玩嗎？ 人家跑出去還記得台灣， 像彭明敏九十幾了還在奮鬥 一堆坐享其成的無恥垃圾還在那指手畫腳 內文的蔡同榮彭明敏陳唐山李慶元等等那個是藝人那個又是政客二代? 真他媽的一堆抹屎垃圾下賤白共蟑螂 吃屎智障下賤廢物賤畜五毛白共蟑螂吃屎智障媽忘了生腦無法反駁好悲憤喔 原來現在不能談戒嚴? 林北不能談童年? 你那邊還在狗黨殺人時代? 柯屁可以抹屎這些人在美國 別人不能說這些人為何在美國? 人家是好人啊 好人就會被走狗或柯屁這種爛人抹屎 柯屁可以隨意抹屎 林北說柯屁隨意抹屎很噁心很智障， 用的還是他媽幾十年前狗黨走狗抹屎老招 這叫一般人的事實陳述 我叫散播仇恨的話柯屁叫啥?喪盡天良嗎？ 看到白共蟑螂失語就覺得很開心~ 林北成大歷史系，柯屁跟我談歷史? 下去吃屎比較快啦 所以賤畜五毛白共蟑螂都吃屎智障就對了? 鄭南榕死後台獨聯盟回台灣 可以被賤畜五毛白共蟑螂講成鄭南榕後沒台獨? 這中文閱讀能力林北給0.157分 可能三小柯屁牌沾屎芒果乾吃多了傷腦 戰台獨不當兵? 林北隨便舉幾十個舔共廢物殺人狗黨不當兵 來戰啊? https://disp.cc/b/163a8j6 打到賤畜五毛白共蟑螂痛處惹 看白共蟑螂痛到人話都不會說了 所以反擊不能的賤畜五毛白共蟑螂整批崩潰囉 內文不都寫很清楚了 在義務教育的時代還需要裝文盲? 人家在美國出生長大， 難道逼他們當台灣人嗎？ 你484跟那些說在台灣出生長大的台灣人不能叫台灣人 永遠只能是支那人的賤畜五毛們腦構造相同? 人家民進黨就是鄉愿孬種，每次遇到限制權利的法案就縮 得說他們親支? 那全台都親支了支那賤畜整天悲憤三小不敢打三小? 因為孬種?因為智障?還是既孬種又智障? ?所以回來的也不想當台灣人? 你就自己證實了支那賤畜一家親 不管白共蟑螂還是賤畜五毛都吃屎智障不配當人 那支那到底還在孬什麼吠幾十年不敢打? 吃屎智障賤畜五毛白共蟑螂說說看啊 支那賤畜不管共慘五毛，狗黨走狗還是白共蟑螂都一樣啦 一樣下賤無恥吃屎智障 六四民運人士逃出支那就不叫民運人士了嗎？ 我就說支那賤畜一家親都是智障 廢物智障支那賤畜白共蟑螂反駁不能 支那賤畜都能管台灣事你就不覺得母湯? 只要是幫助台灣的善意不管是那國人都棒棒 只要是針對台灣的惡意都去死 賤畜五毛白共蟑螂們屎吃多了智障永遠不懂 說難聽點要是台灣戰爭大家都逃 那狗吠幾十年不敢打的支那賤畜國到底在孬種什麼? 因為孬種吠物爸媽沒生把給他? 支那賤畜雖然惡意滿滿但這麼孬種 你有本事叫美國國會禁止美國人支持台獨再說啊笑你沒用辦不到啦 沒辦法，支那太窮， 養的賤畜五毛白共蟑螂都是低能廢物 吃屎智障，咬不了人只能吃屎崩潰 林北這篇是不是還很多支那共慘養的白共蟑螂沒屎吃啊？嘻嘻 下去吃屎然後被公費幹菊花到死 賤畜五毛白共蟑螂柯糞笑到腦死無法反駁這麼氣啊？ 哈哈哈 笑到腦死的白共蟑螂提不出論述反駁攻擊力0 可能支那賤畜一家親後一家智障，哈哈哈 戰力高到放不出個屁的開釋囉? 台獨聯盟在美國，留在台灣的叫黨外，後來多數成為民進黨 我何時說只有去美國的才台獨? 你要我們當賤畜五毛白共蟑螂都是吃屎的智障嗎？ 還滿成功的其實 支那阿蟑說人話好嗎？ 嗯?所以柯屁跑出來支持反共法嗎？ 還是賤畜五毛白共蟑螂有臉說別人沒臉承認自己什麼都不做只會躲在角落吃屎嫌棄別人嗎？ 搞台獨為何不能理直氣壯? 台獨是跟支那系的共慘狗鳴一樣殺人了嗎？ 不愧是下賤無恥吃屎智障賤畜五毛白共蟑螂~ 在民主的國家台灣主張不能說台獨 不僅下賤而且智障 林北就納悶一個明顯的免洗帳號要怎麼熟悉林北的ID啦 http://i.imgur.com/vZi8St8.jpg 白共蟑螂分身術膩? 你這樣跟說住台灣n代的台灣人永遠是支那人 的支那賤畜有甚麼兩樣? 還是根本就一樣? 吃屎的智障賤畜五毛白共蟑螂表示2014投柯都是1450 賤畜五毛白共蟑螂覺得這樣柯屁會比較多票? 這是支那共慘黨要柯屁去死的黨意嗎？ 賤畜五毛白共蟑螂下去吃屎然後去死 所以你不知道有誰就跟著柯屁抹屎嗎？ 挖信柯屁可以無恥抹屎呢 帶風向帶到如果電話亭都都出來了嘞 所以白圾柯糞都這樣假設性帶風向 不識字的賤畜五毛白共蟑螂在網上崩潰 好棒棒 誰啦幹 柯屁說他們子孫都在美紐 你說他們子孫在台灣位高權重 你打臉柯屁幹嘛啦 我也不知道為什麼欸 要不要去看醫生檢查一下? 對啊說出事實讓你更愛抹屎柯屁對吧？ 你這樣做我只是更確認柯糞都怪怪的而已 (抓頭) 啊不是都逃去美國了? 又誰立法? 自己打臉自己是哪招? 不要為了工作什麼都拗不出來硬要吃屎崩潰好嗎？ 上面一個賤畜五毛白共柯糞哭孩子在台灣位高權重 下面一個賤畜五毛白共柯糞哭孩子都送去歐美 這些愛窩裡打臉的賤畜五毛白共蟑螂不要自稱平民好嗎？ 一般的平民沒有這麼智障 列名單出來啊 在那都來都去 找到一個不是雙重國籍你要不要去死? 跟柯屁學抹屎喔? 所以狗幹都有美國護照的吃屎智障賤畜五毛白共蟑螂論點等於主張都沒有美國護照? 來來來這噓文敢不敢給你國小國語老師看看 應該上過小學吧? 看看這些吃屎智障賤畜五毛白共蟑螂都拿哪裡的護照 是拿支那共慘護照的賤畜五毛還是膽敢拿台灣護照挑釁支那的真台獨啊 論點從頭到尾一致欸? 要不要去國小補國語? 實話也要崩潰? 不然你投給民進黨讓他立委席次夠改憲法啊？ 智障膩? 就是打臉柯屁造謠而已 不知道吃屎智障下賤無恥賤畜五毛白共蟑螂在崩潰什麼? 人家美國生長的美國人為何硬要當台灣人? 這是硬要台灣人當支那人的賤畜五毛邏輯嗎？ 好了 賤畜五毛下去吃屎然後去死 來來來，前面有個哭熟悉ID的 http://i.imgur.com/ZPzU6hi.jpg 林北就搞不懂 一個免洗帳號怎麼有本事熟悉別人ID http://i.imgur.com/SPY5VFG.jpg 白共蟑螂分身術膩? 下去領屎然後去死 噁爛賤畜五毛狗黨藍蛆白共蟑螂 林北參加廢刑法100條抗爭時 只會吃屎沒有作為的 賤畜五毛狗黨藍蛆白共蟑螂的老爸 還在吸奶啦幹 吃屎智障賤畜五毛白共蟑螂不是屎色的嗎？ 怎麼一個個只會吃屎狂哭 來一篇說林北寫錯，說 以前台獨不是被狗黨趕去美國的智障文 來讓林北嘲笑啊？ 屎色的吃屎智障賤畜五毛白共蟑螂快寫 可憐，無法反駁崩潰失語 林北說柯屁噁爛不要臉抹屎是事實不是嗎？ 你想反駁也是你的自由 但無法扭轉柯屁噁爛不要臉抹屎的事實啊 87看柯屁被打臉無法反駁吃屎崩潰 可憐的87 現在是看不懂中文無限跳針? 台獨聯盟去美國是狗黨害的 一票人回來繼續對抗垃圾狗黨 他們子孫生長在美國幾十年已經是美國人了 硬要讓美國人當台灣人 這跟硬要台灣人當支那人的賤畜五毛有甚麼兩樣? 還是根本一樣同一群支那智障? 我想賤畜五毛白共蟑螂們吃屎智障不是三小綠色恐怖害的 支那賤畜一家親一家智障 要繼續吃屎崩潰了嗎？ 開放臭菊花賤畜五毛白共蟑螂被打臉無法反駁無限吃屎崩潰秀 那些人啦幹 不要在那如果電話亭半天什麼都舉不出.. 就像林北當初跟在那台獨都逃兵的賤畜五毛對嗆時，就好好表列了一狗票狗黨逃兵 然後賤畜五毛們屁都舉不出來只會吃屎崩潰.. https://disp.cc/b/163a8j6 以前賤畜五毛狗黨走狗抹屎不是不得已，是下賤無恥 現在賤畜五毛白共蟑螂抹屎也不是不得已，而是下賤無恥 一樣，台獨都綠卡的話 支那國幾十年來只敢狗吠不敢打 是孬種是智障 還是又孬種又智障? 雖然林北同情賤畜五毛找不到比自己更下賤的東西，只能拿自己罵人 但五毛是工作，做這工作是因為生活下賤 林北同情之餘也只能鄙視 看看這種智障邏輯 台獨都美國小孩的話 住台灣就都愛統幼畜? 都愛統幼畜的話是要死三小? 因為支那賤畜最愛殺愛統幼畜膩? 講話過大腦這麼難膩? 在PTT展現賤畜五毛白共蟑螂無限跳針吃屎智障 呵呵，最下賤無恥吃屎智障就這種 內文看過沒?還是小學國語被當看不懂? 都是三小啦 林北三代黨外又算啥? 笑到腦死白共蟑螂不斷認證支那賤畜一家親一家腦死 牠們就支那賤畜自助餐啊 好了啦 這麼久了護航不了還在崩潰有夠難看:) 不過林北看這些窘樣看得很爽 崩潰秀真好看XDDD 都就是全部的意思，100%懂不懂? 原來連字都看不懂喔?不愧自稱笑到腦死 偷改成講87% 就是用13%證實柯屁下賤無恥不要臉抹屎的意思啦 連自己用的字什麼意思都不懂是戰三小? 我看賤畜五毛白共蟑螂99.87%笑到腦死才這麼智障 對啊。去年柯屁就是去美國 想爭取這些他口中騙子的支持呢 原來柯屁的夢想是當騙子王?XDDD 好熟悉的代代相傳智障五毛不識字文盲崩潰法 比一般人類幼稚園等級還弱 那支那共慘整天哭台獨是哭三小? 柯屁整天哭蔡挑釁是哭三小? 你484想說其實柯屁不是無恥是智障?^^ 122.121.15.238 11/20 19:35 免洗賬號哭一樣爛嘗試解救柯屁 http://i.imgur.com/AGGSS69.jpg http://i.imgur.com/PmQhyj5.jpg 白共免洗蟑螂哭喊自己愛吃屎 屎吃完自己去死 所以照笑到腦死賤畜五毛白共蟑螂所說 全台都舔共了 那支那賤畜國還在等三小啦 笑到腦死沒兵可出了還是全國孬種? 原來覺得柯屁噁爛就是菸粉 笑到腦死的賤畜五毛白共蟑螂是坦言柯韓宋一家親膩?你484想害柯屁支持度再跌啊？ 搞無限上綱的難道不是無恥不要臉在那哭三小台獨子孫都躲在美國的柯屁? 唉，要無限上綱抹屎， 就小心別讓林北文組魯叔看到 出來打臉打到牠們噴屎 你要不要去google修憲要幾席? 真敢展現自己無知嘞 過半不夠知道嗎？ 只有生下來沒腦的賤畜五毛白共蟑螂 才這麼智障以為人類不會google 在那重複跳上次立委選完跳到現在的針 你看不到一開始噓文就充滿謾罵.. 林北不是聖人， 不看文不討論抹屎林北1450 垃圾腦殘菸粉的 在那裝文盲無限跳針的 林北十倍奉還有問題? 不好意思，林北沒打算當聖人謝謝 你眼中只有立場沒有事實嗎？ 林北不是用立場跟引戰的抹屎柯屁討論 而是用歷史事實單方面打臉 現在沒有討論是因為賤畜五毛白共蟑螂無法用事實反駁 請記住重要的不是立場，重要的永遠是事實 你的意思是好險有一整群開口閉口1450腦殘菸紛台獨狗的賤畜五毛幫我加分囉？ 所以你嘗試說只有喜樂島夫妻才是台獨? 民主台獨前輩們都不是台獨? 再問一次，只有喜樂島夫妻才是台獨 真正自古搞台獨的都不算台獨? 柯糞484文盲理盲居多啊？ 還是都是文盲理盲?? 至於徵兵制議題? 在那整天哭吉娃娃不當兵拿不出名單 林北說哭台獨的智障滿滿的逃兵到現在無人敢跟林北列名單對戰啦幹 https://disp.cc/b/163a8j6 這不就是那個哭國防部對兵役沒他專業 列不出台獨逃兵名單在那崩潰的咖嗎？ 還有臉出來玩啊？XDDD 我這咖從來用事實跟人對嗆 但一堆什麼屁放不出來的沒本事 只能大哭崩潰哭詭辯毫無戰力 林北已經非常習慣， 支那賤畜一家親一家智障不是隨便說說的 習慣就好XDDDDDD 修憲過半不夠啊 趕快去學google搞清楚修憲要幾席啦 智障到不會google的廢物賤畜五毛白共蟑螂 從上次立委選完到現在還學不會google嗎？ 幹，支那賤畜一家親一家廢物智障不是隨便說說的 從內文到回文我那一句說過小英棒棒? 忘了吃藥? 獨派不爽她最主要 還是因為她是李登輝提拔的人 啊幹..提醒我台灣民主史很久沒更新了 我都還沒寫獨派的李登輝情結... 我嘗試盡快寫長老教會後篇 李登輝 還有李鎮源的故事吧 所以賤畜五毛白共蟑螂承認吃柯屁的屎 (筆記) 所以說賤畜五毛白共蟑螂不是隨便說說的 白共蟑螂們自己承認愛吃柯屁屎的喔 林北不反對白共蟑螂不吃芒果乾愛吃屎 吃飽點啊 吃不夠林北拉一坨施設啊 對白共蟑螂們來說屁很有用，可以拉屎給牠們吃 難怪柯屁可以下賤無恥喪盡天良的抹屎 原來是為了餵飽吃屎的白共蟑螂們啊(感嘆) 話說白共蟑螂不嘗試解釋為何學不會google 也不討論為何在一篇沒有小英棒棒的文裡起乩 直接被打臉跳話題跳第三次啦？ 不用講不贏嘗試扮演自己前面痛罵的台獨啦 自稱愛吃屎的賤畜五毛白共蟑螂前面在幹嘛林北都記得 對了，林北講不贏了什麼? 白共蟑螂搞不清修憲席次算白共蟑螂贏? 林北沒說小英棒棒， 白共蟑螂在那哭好啦小英最棒， 也算白共蟑螂贏? 賤畜五毛白共蟑螂對於講贏的意思是不是有誤會? 林北很久以前就多次強調思想決定立場 而非立場決定思想， 看似表面立場相同但邏輯該死的林北照砲 賤畜五毛白共蟑螂現在想扮演自己最痛恨的台獨也是沒用的喔(微笑) 支持自稱愛吃屎的賤畜五毛白共蟑螂吃頓飽屎然後去死 我說剛剛還搞不清楚修憲門檻 在哭立委過半還沒台獨的吃屎智障賤畜五毛白共蟑螂 好好google上次立委選完到現在的事情吧 前提是智障五毛白共蟑螂學得會google.. 還有...沒有任何黨不希望席次更多的 智障膩? 阿幹賤畜五毛白共蟑螂本來就智障， 還自己承認愛吃屎(搖頭) ??這幾個禮拜都有討論如何修憲新聞欸? 這不是賤畜五毛白共蟑螂跟本不知道台灣在幹嘛嗎？ 這不是吃屎智障支那賤畜共慘五毛嗎？ 難怪連修憲門檻都不知道 真他媽剛剛還在演支持台獨 還中共嘞，林北這輩子多久沒看到支持台獨的在那輕聲細語中共 下賤垃圾支那賤畜廢物五毛什麼的才是正確起手勢好嗎？ 最起碼也該來個共匪 真他媽好智障， 賤畜五毛想演台獨還不好意思罵支那賤畜 幹他媽的想下賤無恥演戲反串就好好演ok? 所以現在賤畜五毛白共蟑螂們前仆後繼 主張自己吃屎智障是三小綠色恐怖害的 才看不懂什麼叫 逼美國出生長大的美國人當台灣人 跟逼台灣出生長大的台灣人當支那人一樣 都是屎吃多了智障的賤畜五毛邏輯嗎？ 從被台獨聯盟逼到美國幾十年開始 就註定了他們後代美國出生長大認同美國的會是大多數了 我說賤畜五毛白共蟑螂不識字愛跳針 可能是遺傳可能是教育 真的不是三小綠色恐怖害的 馬上又來一隻 請問現在還再無限跳針的是? 那些後代出生成長就是美國，回來三小啦 第一代一堆放棄美國大好前程回來拼命就夠對得起台灣了啦 要不要去看看陳唐山放棄了什麼回台灣啦幹 永遠只會嫌別人犧牲不夠多的垃圾們 你要不要搞清楚他們什麼時候回來什麼時候當官? 還是故意舉球給林北殺? 陳唐山黑名單， 因為多次跨洋幫助漁民 本來1987年狗黨願意他回來 但馬上又黑單一次，到1989才回來 李應元黑名單，1990偷渡闖關回來 講得他們回來就當官一樣? 看在你沒有在那起手1450什麼的 給你機會讓你自己搞清楚他們怎麼回來 又是那一年當官 在文組魯叔面前不要帶這種風向抹屎，ok? 更何況這是google就能發現的 還不需要我專文打臉... 還好林北混幾十年職場混到科技業主管 屌打領五毛吃屎的智障五毛沒什麼問題 怎麼，從修憲門檻起一路丟臉 最後嘗試賣老啊？ 沒個六十歲起跳好意思叫林北小弟弟? 下去一輩子吃屎吧垃圾廢物賤畜五毛 想對社會有幫助? 還賴在PTT挑剔林北文章幹嘛? 下去做義工幫助社會啊？ 林北黨外三代老台獨， 全家大小財產都在台灣 林北祖宅大溪梅鶴山莊啦幹 反觀搞統一鼓吹讓支那併吞的 林北每舉一個要別人被支那併吞，結果自己跑去當外國人的 你當場推文道歉一次說 對不起，支那賤畜才是垃圾 來聽聽 要不要? 笑你不敢啦 被統下跪派的都孬，怎麼可能敢 林北看到柯屁惡意抹屎出來打臉就是挺民進黨? 難怪人家說媽忘了生腦的支那賤畜共慘五毛白共蟑螂下賤無恥不要臉吃屎智障泯滅人性 糞渣都還能當肥料利用 賤畜五毛白共蟑螂只有去死才算對世界有貢獻 每死一個殺人走狗賤畜五毛白共蟑螂，世界的平均智商跟道德水準都能得到提升 水準啦幹 丟臉的垃圾五毛下賤低能沒大腦喔？ 來台灣帶風向還使用支那用語不用台灣用語 是怕人類不知道賤畜五毛吃屎智障沒水準欠狗幹膩? 看來水準低成下賤五毛毛的垃圾果然知道自己不配用台灣用語，堅持吃屎用支那語素質 林北教一下沒水準的殺人走狗垃圾五毛 首先去上學受教育 然後能好好有理有據寫文章 然後理解世上最大的惡是屠殺本國平民 不管共慘狗鳴，赤柬納粹都該全體去死 再來有能力的話，到那裡說當地話是禮貌 入境隨俗對沒水準的共慘賤畜垃圾五毛很難? 在那吃屎大哭自己是沒水準的智障垃圾五毛沒資格用台灣用語，那就別來台灣啊？ 回支那的百度帝吧寸草不生笑到往生去吧 簡單一句，人家拼命時你在幹嘛？ 只會嫌別人犧牲不夠多的垃圾別廢話 生長在那裡就是那裡人 別用那種逼台灣人叫支那人的智障幹話 來逼美國人當台灣人 那是智障支那螂國的吃屎智障下賤無恥賤畜五毛邏輯 笑到腦死泯滅人性吃屎智障賤畜五毛白共蟑螂 都解嚴幾十年了還不准人類提戒嚴 柯屁可以拿戒嚴時代造成的故事抹屎 人家不能說明戒嚴時代的故事打臉 現在是賤畜五毛白共蟑螂以為還在戒嚴可以命令人類不准提事實??? 有本事槍斃我啊? 跟什麼人說甚麼話 我對人類講人話 對這些滿口1450台獨狗三小的吃屎賤畜 講人話牠們聽得懂? 看看下面那隻，抹屎林北卡神了 這種下賤東西跟林北家人朋友比? 賤畜五毛一講不贏就抹屎嘴巴跟肛門一樣髒 白共蟑螂只會崩潰謾罵毫無水準 還是下去吃屎然後去死 ??林北什麼時候是卡神集團了? 搞半天賤畜五毛白共蟑螂只會抹屎 沒有廉恥沒有智商 浪費林北花時間教導 下賤無恥不要臉只會抹屎的賤畜五毛一輩子就是這樣了，垃圾 ????那是兩邊互吵人家檢舉我洗版 笑到腦死的智障賤畜五毛白共蟑螂果然屎吃多了智障? ??林北老了晚上睡不著啊 老人淺眠不知道膩? 廢物賤畜五毛白共蟑螂求饒啊？ 可是看到蟑螂就要拿拖鞋打死是林北家訓 林北文章啥時談替代役喊台獨啦幹 那被統派直接逃兵笑三小台獨? 逃兵被統派吃屎自助餐膩? 林北隨手列逃兵名單啦幹 https://disp.cc/b/163a8j6 就事實說話還需要拿錢? 那這樣氣噗噗崩潰抹屎原來是拿錢賣力表現啊? 不錯喔拿了屎什麼幹話都講得出來 真是優質五毛 ????林北上班從沒做過這職位 兩隻連修憲門檻都不知道的智障五毛 講理不行只會肉搜 還他媽的不會肉搜講得都錯 這智商難怪一輩子吃屎當智障下賤五毛白共蟑螂 你突然知道了修憲門檻啊? 還不感謝林北的教導? 跟狗黨一個樣? 跟當年狗黨一個樣就是先槍斃共匪五毛 還聽你放屁嘞? 跟現在狗黨一個樣賤畜五毛就領屎說他們好棒 罵民進黨就是1450還是三小其他免洗抹屎名詞了啦幹 每隔幾個月換個稻草人名詞抹屎 賤畜五毛白共蟑螂也只會這招了 賤畜五毛就是這樣， 哭一個正常人很多事做不到最好 然後跳到所以這個正常人跟殺人垃圾一樣爛 然後賤畜五毛白共蟑螂還有垃圾柯屁就能對正常人隨意抹屎 這就是賤畜五毛下賤無恥需要去死的垃圾邏輯 大腦沒有腦漿又無恥不要臉才會支持殺人共慘當賤畜五毛使用這種下賤邏輯 先學會中文寫得通順行嗎?支那阿蟑? ， 林北不會跟你搶食物跟未來生涯規劃放心 realtw這隻下賤五毛被刪帳後林北沒沙包打 祝福你好好升官頂替牠的位置 然後天天被林北當沙包打舒壓啦幹 毫無邏輯的吃屎崩潰? 果然是熟悉的下賤無恥垃圾廢物吃屎智障賤畜五毛白共蟑螂 連討論的偽裝都不演了直接崩潰，嘖嘖 比無恥比下賤比自稱愛吃屎林北確實比不過啦 午餐有吃飽嗎？ 要不要林北拉一坨施捨? 連修憲門檻都不知道的笑到腦死嗆水準? 所以你的意思是民進黨法律修的不如你意 所以你們就可以拼命抹屎台獨後代都躲美國 抹屎台獨不當兵 抹屎沒達修憲門檻也必須修憲? 法律覺得修不好就好好貼條文戰法律 因為覺得法律修不好所以隨意惡意抹屎? 這是支那價值? 他媽的連修憲門檻都不知道也想戰法律是屎吃多了智障? 這就是下賤無恥吃屎智障支那價值? 自己承認狗黨吃屎還想說甚麼? 自己承認自己下賤無恥愛吃屎就直接去死造福世界啊 這就是熱愛吃屎的下賤無恥吃屎智障支那價值? 支那價值真是下賤啊 林北看這支那賤畜無恥下流吃屎言論 支那價值賤賤欸 吃個飽屎然後被熱愛的共匪幹菊花到死吧 就跟你說林北這輩子沒做過環境工程師了 支那賤畜吃屎智障笑到腦死到底崩潰三小啦 所以突然不斷吃屎大哭環境工程師是? 低能下賤吃屎智障支那賤畜白共蟑螂日常吃屎的結果嗎？ 不愧是支那下賤無恥低能價值的產物 可以，這很支那 來台灣玩嗎？ 抱歉林北祖厝在山上， 是古蹟，要去還得申請喔 並不是吃屎維生絕不討論的下賤無恥吃屎智障賤畜五毛天堂~~ 話說賤畜五毛很執著家人 可能做五毛這工作太丟臉被家人拋棄了吧 可憐的五毛家人，因為賤畜五毛一輩子抬不起頭做人QQ 可以讓大家多看清那些賤畜五毛白共蟑螂的嘴臉呀，我覺得還可以啦^^ 吃屎智障支那賤畜崩潰到不知所云欸 支那阿蟑說人話好嗎？ 現在都從台獨子孫跳到不知道那裡去惹~ 難怪人家說支那價值就是吃屎智障 越愛吃屎越智障越有支那價值(攤手) 好可悲吃屎的智障賤畜五毛白共蟑螂被林北打臉打到語無倫次 不過賤畜五毛白共蟑螂下賤無恥愛吃屎， 打死剛好(拖鞋拍下) 原來賤畜五毛鼻子這麼好啊 山上的屎味在山下聞得到? 這是吃屎智障支那賤畜為了吃屎進化出的尋屎能力嗎？ 我都不知道賤畜五毛為了下賤吃屎進化出尋屎超能力了呢 你家人真可憐~難怪他們不認你~~~ 賤畜五毛白共蟑螂崩潰成這樣 難道是屎吃多了智障吃越多越智障? 當個廢物賤畜五毛白共蟑螂鍵盤崩潰吃個屎 就能武統嗎？ 奇怪林北打臉柯屁證明柯屁抹屎台獨 干民進黨屁事啊？ 吃屎大哭民進黨能讓柯屁不下賤不無恥? 沒辦法吧？ 賤畜五毛白共蟑螂屎吃多了智障? 吃屎智障賤畜五毛白共蟑螂永遠是賤的 賤畜五毛白共蟑螂永遠是下賤無恥吃屎智障該去死的 純嘲笑下賤無恥吃屎智障賤畜五毛白共蟑螂 屎吃多了智障無法護航垃圾柯屁好可憐啊 年紀老不自稱叔難不成自稱你爸嗎？ 可是魯叔沒有你這種吃屎智障回不了論述 只能可悲崩潰的吃屎智障支那賤畜兒子欸~ 找不到老爸是誰也不要亂認好嗎？ 魯叔文章都讓站長邀稿永久收藏在站內惹 你都還不認識啊？ 你是不是剛買帳號的賤畜五毛白共蟑螂啊? 第一天來ptt上班所以在那素質半天不知道水準? 一開口就自爆滿口屎臭滿身菜味 怕人不知道賤畜五毛白共蟑螂吃屎智障一家親全都智障嗎？ 與其來台灣網路不斷被打臉打到這麼悲憤， 還是做回自己到糞坑吃屎比較快樂喔 說不定還能找到親生父親喔^^ 賤畜五毛白共蟑螂又吃屎崩潰惹= = 唉，被林北打爛臉後崩潰到回不了現實世界 以前的賤畜五毛精神沒有這麼脆弱啊？ 好好學學已故的廣西笑話賤畜五毛realtw好嗎？ 不管林北怎麼吊他起來打， 永遠還是那幅下賤樣不會崩潰欸~ 原來你真的是不識字吃屎智障啊? 根本你就是反駁不了本文吃屎崩潰所以亂扯嗎？ 阿哈哈，那不然叫下賤無恥吃屎智障廢物低能吃屎小屁支畜好惹 下賤無恥吃屎智障廢物低能小屁支畜吃飽屎了沒啊? 小屁支畜要多吃點屎不然成長期過後長不高啊 哇~ 林北打臉柯屁 所以賤畜五毛白共蟑螂領了崩潰噓的每日任務啊？ 林北就想說兩隻吃屎的智障支那賤畜反駁不了歷史事實每天吃屎崩潰幹嘛 原來是需要完成賤畜螂國發佈的任務領屎吃啊~~ 所以嫩逼吃屎智障賤畜五毛白共蟑螂下賤王 就是完全反駁不了本文，專門吃屎崩潰的囉? 所以不看本文的吃屎智障賤畜五毛白共蟑螂下賤王 根本不識字也不打算討論 只是看到屎拼命猛吃囉？ 多吃一點啊 雖然賤畜五毛白共蟑螂吃屎智障下賤無恥 但吃屎清潔環境也是有貢獻 就是個什麼都說不出來的下賤無恥吃屎智障賤畜五毛白共蟑螂嘛 什麼論點都沒有吃屎連噓就是支那賤畜種的特點 只會吃屎什麼都沒辦法討論 就好好承認自己吃屎智障 吃屎智障賤畜五毛白共蟑螂就是這麼下賤 賤畜五毛白共蟑螂們回不了林北寫得台獨歷史就承認 什麼都討論不了只會吃屎崩潰就下去吃屎然後被習癡肥肛到死 失語症?還是沒有每天崩潰連噓導致領不到屎吃沒力? 這篇打的台獨歷史部分， 吃屎智障賤畜五毛白共蟑螂們都沒受過教育沒辦法戰嗎？ 還敢說現在的賤畜五毛白共蟑螂寄生柯糞不是吃屎的智障?^^ 話說不是要每天一次崩潰噓？ 還吃屎哭嚎別逃？ 無法就事論事只能吃屎崩潰， 典型的紅白藍吃屎智障下賤無恥低能吠物 支那賤畜狗屁柯糞呢？ 韓導落選後失業了？ 路邊亂撿屎吃得支那武漢肺炎死全家了？ 柯憐哪,Wed Nov 20 16:03:20 2019,回文,407,139,237
M.1574237004.A.874,Re: [新聞] 柯文哲：那些搞台獨的兒孫全躲美、紐，,arumi416,先幫你補血,210.149.254.126 11/20 16:04,推,407,139,237
M.1574237004.A.874,Re: [新聞] 柯文哲：那些搞台獨的兒孫全躲美、紐，,sandysam,現在狗黨還有抓人？沒有的話還特別躲國,49.230.108.49 11/20 16:04,噓,407,139,237
M.1574237004.A.874,Re: [新聞] 柯文哲：那些搞台獨的兒孫全躲美、紐，,WeasoN,權力使人腐敗阿,220.133.186.61 11/20 16:05,推,407,139,237
M.1574237004.A.874,Re: [新聞] 柯文哲：那些搞台獨的兒孫全躲美、紐，,TAIPEI2010,太平洋沒加蓋，可以游回來啊,121.13.229.205 11/20 16:05,噓,407,139,237
M.1574237004.A.874,Re: [新聞] 柯文哲：那些搞台獨的兒孫全躲美、紐，,THEBUG,你說的那些後人現在還搞台獨嗎,223.140.179.91 11/20 16:06,噓,407,139,237
M.1574237004.A.874,Re: [新聞] 柯文哲：那些搞台獨的兒孫全躲美、紐，,fur,李應元啦，名字都寫錯,211.75.5.211 11/20 16:06,噓,407,139,237
M.1574237004.A.874,Re: [新聞] 柯文哲：那些搞台獨的兒孫全躲美、紐，,momowawa1981,你說那群國會多數卻逕付二讀修改公,39.12.37.190 11/20 16:07,噓,407,139,237
M.1574237004.A.874,Re: [新聞] 柯文哲：那些搞台獨的兒孫全躲美、紐，,momowawa1981,投法的那群台獨工作者嗎？,39.12.37.190 11/20 16:07,→,407,139,237
M.1574237004.A.874,Re: [新聞] 柯文哲：那些搞台獨的兒孫全躲美、紐，,kent,「搞台獨的」 這幾個字聽起來很刺耳,1.164.247.28 11/20 16:07,→,407,139,237
M.1574237004.A.874,Re: [新聞] 柯文哲：那些搞台獨的兒孫全躲美、紐，,kent,為什麼不說「搞統一的」,1.164.247.28 11/20 16:07,→,407,139,237
M.1574237004.A.874,Re: [新聞] 柯文哲：那些搞台獨的兒孫全躲美、紐，,MayorKoWenJe,現在柯的樣子才是真的他，2014那個,36.231.193.16 11/20 16:07,推,407,139,237
M.1574237004.A.874,Re: [新聞] 柯文哲：那些搞台獨的兒孫全躲美、紐，,MayorKoWenJe,樣子只是dpp幫他塑造的,36.231.193.16 11/20 16:07,→,407,139,237
M.1574237004.A.874,Re: [新聞] 柯文哲：那些搞台獨的兒孫全躲美、紐，,momowawa1981,我很想知道你們哪來的光榮感？林北,39.12.37.190 11/20 16:07,→,407,139,237
M.1574237004.A.874,Re: [新聞] 柯文哲：那些搞台獨的兒孫全躲美、紐，,momowawa1981,現在真正搞台獨的就是在背刺蔡英文,39.12.37.190 11/20 16:09,→,407,139,237
M.1574237004.A.874,Re: [新聞] 柯文哲：那些搞台獨的兒孫全躲美、紐，,LAKobeBryant,後人有自己選擇的生活方式吧,42.73.134.27 11/20 16:09,推,407,139,237
M.1574237004.A.874,Re: [新聞] 柯文哲：那些搞台獨的兒孫全躲美、紐，,momowawa1981,的那群耶，不知道在搞笑哪齣,39.12.37.190 11/20 16:09,→,407,139,237
M.1574237004.A.874,Re: [新聞] 柯文哲：那些搞台獨的兒孫全躲美、紐，,LAKobeBryant,FAPA不就台灣人的,42.73.134.27 11/20 16:09,→,407,139,237
M.1574237004.A.874,Re: [新聞] 柯文哲：那些搞台獨的兒孫全躲美、紐，,Myfun,政治不難，只有阿北是對的而已！,1.170.29.211 11/20 16:09,→,407,139,237
M.1574237004.A.874,Re: [新聞] 柯文哲：那些搞台獨的兒孫全躲美、紐，,vajra0001,當時還有黑名單 在美國讀書參加遊行,60.248.240.193 11/20 16:10,推,407,139,237
M.1574237004.A.874,Re: [新聞] 柯文哲：那些搞台獨的兒孫全躲美、紐，,MayorKoWenJe,柯本身就是大中華思想，現在只是不,36.231.193.16 11/20 16:10,推,407,139,237
M.1574237004.A.874,Re: [新聞] 柯文哲：那些搞台獨的兒孫全躲美、紐，,MayorKoWenJe,演了直接搧獨派的臉，非常正常,36.231.193.16 11/20 16:10,→,407,139,237
M.1574237004.A.874,Re: [新聞] 柯文哲：那些搞台獨的兒孫全躲美、紐，,vajra0001,終生不能回台 馬英九當時擔任抓耙仔,60.248.240.193 11/20 16:10,→,407,139,237
M.1574237004.A.874,Re: [新聞] 柯文哲：那些搞台獨的兒孫全躲美、紐，,ukif,綠共吃屎,101.9.44.170 11/20 16:11,→,407,139,237
M.1574237004.A.874,Re: [新聞] 柯文哲：那些搞台獨的兒孫全躲美、紐，,goldleft,檳榔柯為了政治利益什麼話都講得出來了,36.232.24.228 11/20 16:12,推,407,139,237
M.1574237004.A.874,Re: [新聞] 柯文哲：那些搞台獨的兒孫全躲美、紐，,ishowhand,別讓中共困擾跟台獨言論...被騙的才傻,27.246.11.26 11/20 16:12,推,407,139,237
M.1574237004.A.874,Re: [新聞] 柯文哲：那些搞台獨的兒孫全躲美、紐，,c41231717,跳板柯糞柯現在才能當自己呀,60.251.209.50 11/20 16:13,推,407,139,237
M.1574237004.A.874,Re: [新聞] 柯文哲：那些搞台獨的兒孫全躲美、紐，,c41231717,以前有DPP在操刀,60.251.209.50 11/20 16:13,→,407,139,237
M.1574237004.A.874,Re: [新聞] 柯文哲：那些搞台獨的兒孫全躲美、紐，,william806,1450還敢倚老賣老啊,114.32.114.27 11/20 16:13,噓,407,139,237
M.1574237004.A.874,Re: [新聞] 柯文哲：那些搞台獨的兒孫全躲美、紐，,chuchichan,柯就是舔共仔 講這話不意外,223.139.101.51 11/20 16:13,推,407,139,237
M.1574237004.A.874,Re: [新聞] 柯文哲：那些搞台獨的兒孫全躲美、紐，,c28127450,笑死 他的的兒孫生來就是美國人 逼他,220.133.138.131 11/20 16:14,推,407,139,237
M.1574237004.A.874,Re: [新聞] 柯文哲：那些搞台獨的兒孫全躲美、紐，,c28127450,們來台灣跟爸爸革命也太好笑了 祝講這,220.133.138.131 11/20 16:14,→,407,139,237
M.1574237004.A.874,Re: [新聞] 柯文哲：那些搞台獨的兒孫全躲美、紐，,c28127450,些屁話的五毛 爸爸欠錢都算到你頭上,220.133.138.131 11/20 16:14,→,407,139,237
M.1574237004.A.874,Re: [新聞] 柯文哲：那些搞台獨的兒孫全躲美、紐，,c28127450,被討債的打死在路邊,220.133.138.131 11/20 16:14,→,407,139,237
M.1574237004.A.874,Re: [新聞] 柯文哲：那些搞台獨的兒孫全躲美、紐，,ckbdfrst,沒錯 蚵共就是這麼垃圾 已經忍他很久了,61.224.182.250 11/20 16:15,推,407,139,237
M.1574237004.A.874,Re: [新聞] 柯文哲：那些搞台獨的兒孫全躲美、紐，,ckbdfrst,最好笑的就是虫國人自己叫別人滾的,61.224.182.250 11/20 16:15,→,407,139,237
M.1574237004.A.874,Re: [新聞] 柯文哲：那些搞台獨的兒孫全躲美、紐，,zenuo,就泛藍陣營在拉票 甚麼話都敢講,42.75.188.136 11/20 16:15,推,407,139,237
M.1574237004.A.874,Re: [新聞] 柯文哲：那些搞台獨的兒孫全躲美、紐，,ckbdfrst,虫國人：你不想當虫國人可以滾啊,61.224.182.250 11/20 16:16,→,407,139,237
M.1574237004.A.874,Re: [新聞] 柯文哲：那些搞台獨的兒孫全躲美、紐，,amego2017,回春術,150.117.104.190 11/20 16:16,推,407,139,237
M.1574237004.A.874,Re: [新聞] 柯文哲：那些搞台獨的兒孫全躲美、紐，,agong,師父就是沒吃藥啊,42.78.229.168 11/20 16:16,推,407,139,237
M.1574237004.A.874,Re: [新聞] 柯文哲：那些搞台獨的兒孫全躲美、紐，,Sousake,現在的邱毅根本就是沒頭髮的柯痞。,114.137.113.51 11/20 16:17,推,407,139,237
M.1574237004.A.874,Re: [新聞] 柯文哲：那些搞台獨的兒孫全躲美、紐，,Moratti,就是民進黨按照綠營選民喜歡的樣子包裝,59.124.93.142 11/20 16:18,→,407,139,237
M.1574237004.A.874,Re: [新聞] 柯文哲：那些搞台獨的兒孫全躲美、紐，,Moratti,出來的,59.124.93.142 11/20 16:18,→,407,139,237
M.1574237004.A.874,Re: [新聞] 柯文哲：那些搞台獨的兒孫全躲美、紐，,Moratti,不管柯這個騙子了 不覺得民進黨還是很懂,59.124.93.142 11/20 16:18,→,407,139,237
M.1574237004.A.874,Re: [新聞] 柯文哲：那些搞台獨的兒孫全躲美、紐，,Moratti,我們喜歡什麼嗎,59.124.93.142 11/20 16:18,→,407,139,237
M.1574237004.A.874,Re: [新聞] 柯文哲：那些搞台獨的兒孫全躲美、紐，,Cassander,白雪公主吃的不是毒蘋果嗎？,61.230.70.203 11/20 16:22,推,407,139,237
M.1574237004.A.874,Re: [新聞] 柯文哲：那些搞台獨的兒孫全躲美、紐，,EggAcme,沒有數據沒有證據，就憑個人感覺亂咬。,36.232.134.253 11/20 16:24,推,407,139,237
M.1574237004.A.874,Re: [新聞] 柯文哲：那些搞台獨的兒孫全躲美、紐，,ekoj,柯：現在好好的 管他以前幹什麼,61.230.17.54 11/20 16:25,推,407,139,237
M.1574237004.A.874,Re: [新聞] 柯文哲：那些搞台獨的兒孫全躲美、紐，,seazure2016,白蟑螂就是9.2不意外,114.46.51.102 11/20 16:25,推,407,139,237
M.1574237004.A.874,Re: [新聞] 柯文哲：那些搞台獨的兒孫全躲美、紐，,Willier,以前KMT說這種話在八卦版會被噓爆 但現在,175.96.66.194 11/20 16:28,推,407,139,237
M.1574237004.A.874,Re: [新聞] 柯文哲：那些搞台獨的兒孫全躲美、紐，,Willier,柯文哲說一樣的話 卻有人在護航 悲哀,175.96.66.194 11/20 16:28,→,407,139,237
M.1574237004.A.874,Re: [新聞] 柯文哲：那些搞台獨的兒孫全躲美、紐，,momowawa1981,你們繼續悲憤吧！沒人想要台獨,39.12.37.190 11/20 16:29,噓,407,139,237
M.1574237004.A.874,Re: [新聞] 柯文哲：那些搞台獨的兒孫全躲美、紐，,Dovahkiin,韓國瑜沒良心，柯文哲也找不到初衷良心,101.12.54.105 11/20 16:29,推,407,139,237
M.1574237004.A.874,Re: [新聞] 柯文哲：那些搞台獨的兒孫全躲美、紐，,momowawa1981,我們本來就是主權獨立國家,39.12.37.190 11/20 16:29,→,407,139,237
M.1574237004.A.874,Re: [新聞] 柯文哲：那些搞台獨的兒孫全躲美、紐，,momowawa1981,民進黨更不可能台獨，背後牽扯太多,39.12.37.190 11/20 16:30,→,407,139,237
M.1574237004.A.874,Re: [新聞] 柯文哲：那些搞台獨的兒孫全躲美、紐，,pizza0903,藍綠都垃圾,36.239.51.117 11/20 16:30,推,407,139,237
M.1574237004.A.874,Re: [新聞] 柯文哲：那些搞台獨的兒孫全躲美、紐，,momowawa1981,與中國的利益,39.12.37.190 11/20 16:30,→,407,139,237
M.1574237004.A.874,Re: [新聞] 柯文哲：那些搞台獨的兒孫全躲美、紐，,Dovahkiin,"美國有台灣關係法,沒你中華民國關係法!",101.12.54.105 11/20 16:31,→,407,139,237
M.1574237004.A.874,Re: [新聞] 柯文哲：那些搞台獨的兒孫全躲美、紐，,Dovahkiin,走狗不要自己悲憤說人悲憤呵呵,101.12.54.105 11/20 16:32,→,407,139,237
M.1574237004.A.874,Re: [新聞] 柯文哲：那些搞台獨的兒孫全躲美、紐，,j2222222229,現在2019年,223.139.251.244 11/20 16:32,噓,407,139,237
M.1574237004.A.874,Re: [新聞] 柯文哲：那些搞台獨的兒孫全躲美、紐，,bond65,通篇有回應到誰的兒孫沒有在美國的嗎？我,42.77.209.162 11/20 16:33,噓,407,139,237
M.1574237004.A.874,Re: [新聞] 柯文哲：那些搞台獨的兒孫全躲美、紐，,logitech2004,柯屁他說他是墨綠也，他不知道嗎,111.250.140.4 11/20 16:33,推,407,139,237
M.1574237004.A.874,Re: [新聞] 柯文哲：那些搞台獨的兒孫全躲美、紐，,bond65,推一個戰神阿扁啦幹,42.77.209.162 11/20 16:33,→,407,139,237
M.1574237004.A.874,Re: [新聞] 柯文哲：那些搞台獨的兒孫全躲美、紐，,panzerbug,中肯,223.140.240.142 11/20 16:34,推,407,139,237
M.1574237004.A.874,Re: [新聞] 柯文哲：那些搞台獨的兒孫全躲美、紐，,philmaru,柯粉會動腦就不是柯粉了,49.214.205.19 11/20 16:34,推,407,139,237
M.1574237004.A.874,Re: [新聞] 柯文哲：那些搞台獨的兒孫全躲美、紐，,panzerbug,藍營的老人很愛講這套,223.140.240.142 11/20 16:34,→,407,139,237
M.1574237004.A.874,Re: [新聞] 柯文哲：那些搞台獨的兒孫全躲美、紐，,philmaru,其實去美國走一遭就知道到底是台獨的多,49.214.205.19 11/20 16:34,→,407,139,237
M.1574237004.A.874,Re: [新聞] 柯文哲：那些搞台獨的兒孫全躲美、紐，,philmaru,還是9.2多啦XDD,49.214.205.19 11/20 16:34,→,407,139,237
M.1574237004.A.874,Re: [新聞] 柯文哲：那些搞台獨的兒孫全躲美、紐，,taikonkimo,嗯嗯 解嚴幾年了 你還把上世紀的拿出,101.11.3.172 11/20 16:35,→,407,139,237
M.1574237004.A.874,Re: [新聞] 柯文哲：那些搞台獨的兒孫全躲美、紐，,taikonkimo,來啊 現在回來很難嗎,101.11.3.172 11/20 16:35,→,407,139,237
M.1574237004.A.874,Re: [新聞] 柯文哲：那些搞台獨的兒孫全躲美、紐，,glender,"菸粉先禁止dpp委員資敵中國,怎麼可以沒",39.10.135.93 11/20 16:36,→,407,139,237
M.1574237004.A.874,Re: [新聞] 柯文哲：那些搞台獨的兒孫全躲美、紐，,glender,臺灣價值,39.10.135.93 11/20 16:36,→,407,139,237
M.1574237004.A.874,Re: [新聞] 柯文哲：那些搞台獨的兒孫全躲美、紐，,Playlemon,推。願白圾力量崩潰，柯糞吃屎。,211.75.238.193 11/20 16:36,推,407,139,237
M.1574237004.A.874,Re: [新聞] 柯文哲：那些搞台獨的兒孫全躲美、紐，,dijkstra,跑出去就別對還在裡面的指手畫腳,111.71.111.2 11/20 16:36,噓,407,139,237
M.1574237004.A.874,Re: [新聞] 柯文哲：那些搞台獨的兒孫全躲美、紐，,philmaru,移民後代根本沒有對台灣的認同 一堆人是,49.214.205.19 11/20 16:36,推,407,139,237
M.1574237004.A.874,Re: [新聞] 柯文哲：那些搞台獨的兒孫全躲美、紐，,philmaru,覺得老爸吸獨小孩就一定一樣ㄇ,49.214.205.19 11/20 16:36,→,407,139,237
M.1574237004.A.874,Re: [新聞] 柯文哲：那些搞台獨的兒孫全躲美、紐，,playerscott,會回來的不都藝人或政客二代要市場的,140.113.104.45 11/20 16:36,噓,407,139,237
M.1574237004.A.874,Re: [新聞] 柯文哲：那些搞台獨的兒孫全躲美、紐，,a195732684,綠圾蟑螂好悲憤喔,219.70.71.48 11/20 16:36,噓,407,139,237
M.1574237004.A.874,Re: [新聞] 柯文哲：那些搞台獨的兒孫全躲美、紐，,Playlemon,檳榔2014在台獨場子蹭了多少選票。,211.75.238.193 11/20 16:36,→,407,139,237
M.1574237004.A.874,Re: [新聞] 柯文哲：那些搞台獨的兒孫全躲美、紐，,demodemo,柯糞吃屎,223.136.231.24 11/20 16:37,推,407,139,237
M.1574237004.A.874,Re: [新聞] 柯文哲：那些搞台獨的兒孫全躲美、紐，,INNBUG,推，柯粉真閒,101.12.21.167 11/20 16:37,推,407,139,237
M.1574237004.A.874,Re: [新聞] 柯文哲：那些搞台獨的兒孫全躲美、紐，,bradpete,補血 根本中肯,1.200.194.154 11/20 16:37,推,407,139,237
M.1574237004.A.874,Re: [新聞] 柯文哲：那些搞台獨的兒孫全躲美、紐，,philmaru,移民後代大概是Chinese american或Taiwa,49.214.205.19 11/20 16:37,→,407,139,237
M.1574237004.A.874,Re: [新聞] 柯文哲：那些搞台獨的兒孫全躲美、紐，,philmaru,nese american 的差異ㄅ,49.214.205.19 11/20 16:37,→,407,139,237
M.1574237004.A.874,Re: [新聞] 柯文哲：那些搞台獨的兒孫全躲美、紐，,cl520756,蟑螂腦袋到底是拿來幹嘛的，別出來丟臉,39.12.108.164 11/20 16:38,→,407,139,237
M.1574237004.A.874,Re: [新聞] 柯文哲：那些搞台獨的兒孫全躲美、紐，,darktasi,柯師父...嗯...換招惹獨派了嗎,42.73.163.246 11/20 16:42,推,407,139,237
M.1574237004.A.874,Re: [新聞] 柯文哲：那些搞台獨的兒孫全躲美、紐，,TrevorStory,理阿北根本浪費自己生命 原po辛苦了,223.137.91.81 11/20 16:43,推,407,139,237
M.1574237004.A.874,Re: [新聞] 柯文哲：那些搞台獨的兒孫全躲美、紐，,querencia,推,42.74.37.108 11/20 16:44,推,407,139,237
M.1574237004.A.874,Re: [新聞] 柯文哲：那些搞台獨的兒孫全躲美、紐，,tzk,原來現在台灣還在戒嚴啊...穿越來的,115.43.119.13 11/20 16:44,噓,407,139,237
M.1574237004.A.874,Re: [新聞] 柯文哲：那些搞台獨的兒孫全躲美、紐，,t8754035,可惜你講打這麼多字，吃屎的智缺柯糞還,180.217.221.102 11/20 16:44,推,407,139,237
M.1574237004.A.874,Re: [新聞] 柯文哲：那些搞台獨的兒孫全躲美、紐，,t8754035,是看不懂,180.217.221.102 11/20 16:44,→,407,139,237
M.1574237004.A.874,Re: [新聞] 柯文哲：那些搞台獨的兒孫全躲美、紐，,cwj9999,糞柯表示不要理我就好了啊,42.75.86.77 11/20 16:46,推,407,139,237
M.1574237004.A.874,Re: [新聞] 柯文哲：那些搞台獨的兒孫全躲美、紐，,uelx,幫補血  智障科粉吃屎去,115.82.172.252 11/20 16:48,推,407,139,237
M.1574237004.A.874,Re: [新聞] 柯文哲：那些搞台獨的兒孫全躲美、紐，,beerduck,推,223.137.226.137 11/20 16:49,推,407,139,237
M.1574237004.A.874,Re: [新聞] 柯文哲：那些搞台獨的兒孫全躲美、紐，,LITTLEDENNY,推,101.9.76.248 11/20 16:49,推,407,139,237
M.1574237004.A.874,Re: [新聞] 柯文哲：那些搞台獨的兒孫全躲美、紐，,summersha,柯文哲都說一堆KMT過去的說法自以為創,101.15.200.19 11/20 16:50,推,407,139,237
M.1574237004.A.874,Re: [新聞] 柯文哲：那些搞台獨的兒孫全躲美、紐，,summersha,新,101.15.200.19 11/20 16:50,→,407,139,237
M.1574237004.A.874,Re: [新聞] 柯文哲：那些搞台獨的兒孫全躲美、紐，,k3o5l6bj,推,101.8.225.139 11/20 16:50,推,407,139,237
M.1574237004.A.874,Re: [新聞] 柯文哲：那些搞台獨的兒孫全躲美、紐，,GW1014,柯糞食屎,101.14.128.14 11/20 16:50,推,407,139,237
M.1574237004.A.874,Re: [新聞] 柯文哲：那些搞台獨的兒孫全躲美、紐，,rscs,中肯,101.10.2.19 11/20 16:50,推,407,139,237
M.1574237004.A.874,Re: [新聞] 柯文哲：那些搞台獨的兒孫全躲美、紐，,BuriBuri,愛說謊的柯屁,42.77.47.171 11/20 16:50,推,407,139,237
M.1574237004.A.874,Re: [新聞] 柯文哲：那些搞台獨的兒孫全躲美、紐，,citima,死檳榔,223.137.6.59 11/20 16:51,推,407,139,237
M.1574237004.A.874,Re: [新聞] 柯文哲：那些搞台獨的兒孫全躲美、紐，,Cersei,人家放大絕笑一笑喔,110.26.158.17 11/20 16:51,推,407,139,237
M.1574237004.A.874,Re: [新聞] 柯文哲：那些搞台獨的兒孫全躲美、紐，,dream01212,權力使人腐敗阿,110.28.65.134 11/20 16:51,推,407,139,237
M.1574237004.A.874,Re: [新聞] 柯文哲：那些搞台獨的兒孫全躲美、紐，,sct015,中肯,140.116.53.121 11/20 16:51,推,407,139,237
M.1574237004.A.874,Re: [新聞] 柯文哲：那些搞台獨的兒孫全躲美、紐，,fishq71,推,117.19.146.204 11/20 16:52,推,407,139,237
M.1574237004.A.874,Re: [新聞] 柯文哲：那些搞台獨的兒孫全躲美、紐，,yinwi,推 當替代役也要搞台獨,220.142.217.85 11/20 16:52,推,407,139,237
M.1574237004.A.874,Re: [新聞] 柯文哲：那些搞台獨的兒孫全躲美、紐，,houu,推,180.217.119.61 11/20 16:52,推,407,139,237
M.1574237004.A.874,Re: [新聞] 柯文哲：那些搞台獨的兒孫全躲美、紐，,jun5,供三小,101.15.193.79 11/20 16:52,推,407,139,237
M.1574237004.A.874,Re: [新聞] 柯文哲：那些搞台獨的兒孫全躲美、紐，,frtwwilo,幫補血 柯糞五毛果然湧進來XD,175.96.108.248 11/20 16:52,推,407,139,237
M.1574237004.A.874,Re: [新聞] 柯文哲：那些搞台獨的兒孫全躲美、紐，,naniplus,紐西蘭好山好水,111.71.118.143 11/20 16:52,推,407,139,237
M.1574237004.A.874,Re: [新聞] 柯文哲：那些搞台獨的兒孫全躲美、紐，,aifighter,子孫有自己選擇的人生啊 又沒從政,140.112.125.206 11/20 16:53,→,407,139,237
M.1574237004.A.874,Re: [新聞] 柯文哲：那些搞台獨的兒孫全躲美、紐，,chules,媽寶,114.136.221.236 11/20 16:53,推,407,139,237
M.1574237004.A.874,Re: [新聞] 柯文哲：那些搞台獨的兒孫全躲美、紐，,aifighter,要從政的哪個繼續拿美國國籍的??,140.112.125.206 11/20 16:53,→,407,139,237
M.1574237004.A.874,Re: [新聞] 柯文哲：那些搞台獨的兒孫全躲美、紐，,wulaw5566,柯文哲一直是黨國那套,1.167.53.28 11/20 16:54,→,407,139,237
M.1574237004.A.874,Re: [新聞] 柯文哲：那些搞台獨的兒孫全躲美、紐，,cheetahspeed,柯糞就是一群噁心人渣敗類,180.204.32.230 11/20 16:54,推,407,139,237
M.1574237004.A.874,Re: [新聞] 柯文哲：那些搞台獨的兒孫全躲美、紐，,tcboy,政治不難，有柯學家帶風向就好,49.214.213.56 11/20 16:55,推,407,139,237
M.1574237004.A.874,Re: [新聞] 柯文哲：那些搞台獨的兒孫全躲美、紐，,shinway,真的,114.35.119.200 11/20 16:55,推,407,139,237
M.1574237004.A.874,Re: [新聞] 柯文哲：那些搞台獨的兒孫全躲美、紐，,ZxoF,柯粉會來噓你優,1.160.136.186 11/20 16:55,推,407,139,237
M.1574237004.A.874,Re: [新聞] 柯文哲：那些搞台獨的兒孫全躲美、紐，,SiFox,阿館力挺,180.176.33.208 11/20 16:57,推,407,139,237
M.1574237004.A.874,Re: [新聞] 柯文哲：那些搞台獨的兒孫全躲美、紐，,gugugaga,你講得那些前輩都沒有像你這樣散佈仇恨,220.134.104.92 11/20 16:57,推,407,139,237
M.1574237004.A.874,Re: [新聞] 柯文哲：那些搞台獨的兒孫全躲美、紐，,greedypeople,推,114.39.132.222 11/20 16:57,推,407,139,237
M.1574237004.A.874,Re: [新聞] 柯文哲：那些搞台獨的兒孫全躲美、紐，,dogmodogmo,柯就是他自己口中的垃圾啊,101.14.226.209 11/20 16:57,推,407,139,237
M.1574237004.A.874,Re: [新聞] 柯文哲：那些搞台獨的兒孫全躲美、紐，,faint7606,好噁心的檳榔嘴,27.246.103.246 11/20 16:58,推,407,139,237
M.1574237004.A.874,Re: [新聞] 柯文哲：那些搞台獨的兒孫全躲美、紐，,weiprincess,柯對FAPA記仇到現在,101.15.206.193 11/20 16:58,推,407,139,237
M.1574237004.A.874,Re: [新聞] 柯文哲：那些搞台獨的兒孫全躲美、紐，,tiawiare,好好好,42.73.90.217 11/20 16:58,噓,407,139,237
M.1574237004.A.874,Re: [新聞] 柯文哲：那些搞台獨的兒孫全躲美、紐，,HODALA,你有比柯學家懂歷史嗎，阿北說的才對,114.43.46.181 11/20 16:58,噓,407,139,237
M.1574237004.A.874,Re: [新聞] 柯文哲：那些搞台獨的兒孫全躲美、紐，,xx60824xx,推,36.239.123.173 11/20 16:59,推,407,139,237
M.1574237004.A.874,Re: [新聞] 柯文哲：那些搞台獨的兒孫全躲美、紐，,Homer5566,所以鄭南榕後無台獨就對了 那賣三小芒,49.98.7.60 11/20 17:00,噓,407,139,237
M.1574237004.A.874,Re: [新聞] 柯文哲：那些搞台獨的兒孫全躲美、紐，,Homer5566,果乾,49.98.7.60 11/20 17:00,→,407,139,237
M.1574237004.A.874,Re: [新聞] 柯文哲：那些搞台獨的兒孫全躲美、紐，,snowxmas,推你 柯的良心只有有利他自己時才有用,36.225.120.80 11/20 17:00,推,407,139,237
M.1574237004.A.874,Re: [新聞] 柯文哲：那些搞台獨的兒孫全躲美、紐，,fishq71,柯檳榔就是垃圾喪盡天良整天自介,117.19.146.204 11/20 17:02,推,407,139,237
M.1574237004.A.874,Re: [新聞] 柯文哲：那些搞台獨的兒孫全躲美、紐，,ethan30213,柯現在就藍腦阿 一堆智障看不清,125.230.250.240 11/20 17:03,推,407,139,237
M.1574237004.A.874,Re: [新聞] 柯文哲：那些搞台獨的兒孫全躲美、紐，,rscs,柯糞繼續崩潰～,101.10.2.19 11/20 17:04,推,407,139,237
M.1574237004.A.874,Re: [新聞] 柯文哲：那些搞台獨的兒孫全躲美、紐，,davidpanda,不是啊...這句話就有上下文,202.89.121.108 11/20 17:04,噓,407,139,237
M.1574237004.A.874,Re: [新聞] 柯文哲：那些搞台獨的兒孫全躲美、紐，,davidpanda,講的明明是那些喊台獨卻不肯當兵的人,202.89.121.108 11/20 17:04,→,407,139,237
M.1574237004.A.874,Re: [新聞] 柯文哲：那些搞台獨的兒孫全躲美、紐，,Jess12,搞被統的也是一堆直接住在歐美啊！每次投,42.73.188.31 11/20 17:04,噓,407,139,237
M.1574237004.A.874,Re: [新聞] 柯文哲：那些搞台獨的兒孫全躲美、紐，,Jess12,票不也一堆華僑明星回來叫大家支持KMT叫他,42.73.188.31 11/20 17:04,→,407,139,237
M.1574237004.A.874,Re: [新聞] 柯文哲：那些搞台獨的兒孫全躲美、紐，,Jess12,們回去中國住也不要！柯屁在吸藍票聽聽就,42.73.188.31 11/20 17:05,→,407,139,237
M.1574237004.A.874,Re: [新聞] 柯文哲：那些搞台獨的兒孫全躲美、紐，,Jess12,好！,42.73.188.31 11/20 17:05,→,407,139,237
M.1574237004.A.874,Re: [新聞] 柯文哲：那些搞台獨的兒孫全躲美、紐，,Realite,乾 我2018還去站到半夜 TNND,223.137.98.115 11/20 17:07,推,407,139,237
M.1574237004.A.874,Re: [新聞] 柯文哲：那些搞台獨的兒孫全躲美、紐，,qaz13145204,中肯,39.11.69.17 11/20 17:07,推,407,139,237
M.1574237004.A.874,Re: [新聞] 柯文哲：那些搞台獨的兒孫全躲美、紐，,loveshih,推，這才是真相,223.136.151.120 11/20 17:08,推,407,139,237
M.1574237004.A.874,Re: [新聞] 柯文哲：那些搞台獨的兒孫全躲美、紐，,mcho1831,他現在講話也都學KMT那套去脈絡了,61.223.25.241 11/20 17:08,推,407,139,237
M.1574237004.A.874,Re: [新聞] 柯文哲：那些搞台獨的兒孫全躲美、紐，,kimuta,推,42.74.182.59 11/20 17:08,推,407,139,237
M.1574237004.A.874,Re: [新聞] 柯文哲：那些搞台獨的兒孫全躲美、紐，,chx64,華獨也是台獨阿  自慰仔,112.104.113.74 11/20 17:08,推,407,139,237
M.1574237004.A.874,Re: [新聞] 柯文哲：那些搞台獨的兒孫全躲美、紐，,chx64,還在那邊我們本來就是主權獨立國家 尻爽沒?,112.104.113.74 11/20 17:09,→,407,139,237
M.1574237004.A.874,Re: [新聞] 柯文哲：那些搞台獨的兒孫全躲美、紐，,chx64,中華台北,112.104.113.74 11/20 17:09,→,407,139,237
M.1574237004.A.874,Re: [新聞] 柯文哲：那些搞台獨的兒孫全躲美、紐，,tenshouw,打到痛處了,42.75.115.150 11/20 17:09,噓,407,139,237
M.1574237004.A.874,Re: [新聞] 柯文哲：那些搞台獨的兒孫全躲美、紐，,a1qazbgt5,政治不難，自降格調對到選民口味而已,140.120.99.151 11/20 17:10,推,407,139,237
M.1574237004.A.874,Re: [新聞] 柯文哲：那些搞台獨的兒孫全躲美、紐，,zok,現在還在當柯粉的都是藍腦了 2014阿北早不在,60.248.122.205 11/20 17:10,推,407,139,237
M.1574237004.A.874,Re: [新聞] 柯文哲：那些搞台獨的兒孫全躲美、紐，,felizzZ,所以勒,39.14.0.193 11/20 17:11,噓,407,139,237
M.1574237004.A.874,Re: [新聞] 柯文哲：那些搞台獨的兒孫全躲美、紐，,a731977,現在有需要躲嗎,211.75.180.100 11/20 17:11,噓,407,139,237
M.1574237004.A.874,Re: [新聞] 柯文哲：那些搞台獨的兒孫全躲美、紐，,panhoho,統派充滿美國人，把別人送給共產，自己躲,49.214.213.204 11/20 17:12,推,407,139,237
M.1574237004.A.874,Re: [新聞] 柯文哲：那些搞台獨的兒孫全躲美、紐，,panhoho,出國,49.214.213.204 11/20 17:12,→,407,139,237
M.1574237004.A.874,Re: [新聞] 柯文哲：那些搞台獨的兒孫全躲美、紐，,m4tl6,中肯...垃圾柯真的超無恥..去脈絡化的賤嘴,118.171.8.229 11/20 17:12,→,407,139,237
M.1574237004.A.874,Re: [新聞] 柯文哲：那些搞台獨的兒孫全躲美、紐，,yien,檳榔柯去死,27.246.66.86 11/20 17:13,推,407,139,237
M.1574237004.A.874,Re: [新聞] 柯文哲：那些搞台獨的兒孫全躲美、紐，,rexyeah,「在美國生長的後人就未必了」,61.221.35.72 11/20 17:14,噓,407,139,237
M.1574237004.A.874,Re: [新聞] 柯文哲：那些搞台獨的兒孫全躲美、紐，,lmc66,就倒果為因啊 可憐淪落到跟KMT和國台辦同樣,211.23.54.28 11/20 17:14,推,407,139,237
M.1574237004.A.874,Re: [新聞] 柯文哲：那些搞台獨的兒孫全躲美、紐，,pmes9866,真的令人失望,120.105.145.178 11/20 17:14,推,407,139,237
M.1574237004.A.874,Re: [新聞] 柯文哲：那些搞台獨的兒孫全躲美、紐，,lmc66,論調 白粉教徒還是堅信不已,211.23.54.28 11/20 17:14,→,407,139,237
M.1574237004.A.874,Re: [新聞] 柯文哲：那些搞台獨的兒孫全躲美、紐，,gossipboy060,柯屁一天到晚都在講幹話欸,27.52.38.14 11/20 17:15,推,407,139,237
M.1574237004.A.874,Re: [新聞] 柯文哲：那些搞台獨的兒孫全躲美、紐，,aqwzzzzz,柯屁出一張嘴,1.170.143.104 11/20 17:15,推,407,139,237
M.1574237004.A.874,Re: [新聞] 柯文哲：那些搞台獨的兒孫全躲美、紐，,dreamer15,閉嘴,101.12.101.242 11/20 17:15,推,407,139,237
M.1574237004.A.874,Re: [新聞] 柯文哲：那些搞台獨的兒孫全躲美、紐，,chirskey,跟吃屎的泛藍柯糞不要計較太多,223.138.212.10 11/20 17:16,推,407,139,237
M.1574237004.A.874,Re: [新聞] 柯文哲：那些搞台獨的兒孫全躲美、紐，,yoie,魯叔加油 希望你出書,220.128.102.67 11/20 17:16,推,407,139,237
M.1574237004.A.874,Re: [新聞] 柯文哲：那些搞台獨的兒孫全躲美、紐，,attitudium,補血 講出事實果然一堆蟑螂來噓,182.234.207.169 11/20 17:17,推,407,139,237
M.1574237004.A.874,Re: [新聞] 柯文哲：那些搞台獨的兒孫全躲美、紐，,linshuan4429,垃圾柯糞,140.113.136.218 11/20 17:17,→,407,139,237
M.1574237004.A.874,Re: [新聞] 柯文哲：那些搞台獨的兒孫全躲美、紐，,acpr,白粉會噓你，幫忙推,223.139.54.20 11/20 17:17,推,407,139,237
M.1574237004.A.874,Re: [新聞] 柯文哲：那些搞台獨的兒孫全躲美、紐，,ttykimo,柯應該是共產黨的書看到腦袋壞了,118.161.93.204 11/20 17:18,推,407,139,237
M.1574237004.A.874,Re: [新聞] 柯文哲：那些搞台獨的兒孫全躲美、紐，,silentence,柯就是國力殯儀館史觀100分的代表阿,180.204.211.236 11/20 17:19,推,407,139,237
M.1574237004.A.874,Re: [新聞] 柯文哲：那些搞台獨的兒孫全躲美、紐，,ttykimo,中共五毛：那些搞華獨的兒孫全躲台、港,118.161.93.204 11/20 17:19,→,407,139,237
M.1574237004.A.874,Re: [新聞] 柯文哲：那些搞台獨的兒孫全躲美、紐，,Kikoro,笑死,101.12.4.208 11/20 17:19,推,407,139,237
M.1574237004.A.874,Re: [新聞] 柯文哲：那些搞台獨的兒孫全躲美、紐，,iliketaiwan,推,110.165.179.84 11/20 17:20,推,407,139,237
M.1574237004.A.874,Re: [新聞] 柯文哲：那些搞台獨的兒孫全躲美、紐，,turnkolan,柯那張嘴沒救了啦,125.224.15.71 11/20 17:20,推,407,139,237
M.1574237004.A.874,Re: [新聞] 柯文哲：那些搞台獨的兒孫全躲美、紐，,zxc1234529,五毛共畜給車撞死,140.112.25.18 11/20 17:20,推,407,139,237
M.1574237004.A.874,Re: [新聞] 柯文哲：那些搞台獨的兒孫全躲美、紐，,TuDu,在講台獨教父馬英九吧,111.242.91.62 11/20 17:21,推,407,139,237
M.1574237004.A.874,Re: [新聞] 柯文哲：那些搞台獨的兒孫全躲美、紐，,qsef5,補血,223.137.40.102 11/20 17:21,推,407,139,237
M.1574237004.A.874,Re: [新聞] 柯文哲：那些搞台獨的兒孫全躲美、紐，,fufu0xu3,推,42.75.150.97 11/20 17:21,推,407,139,237
M.1574237004.A.874,Re: [新聞] 柯文哲：那些搞台獨的兒孫全躲美、紐，,Ghamu,說真的說台獨家人都在美國這種講法真的很古,59.120.15.21 11/20 17:21,推,407,139,237
M.1574237004.A.874,Re: [新聞] 柯文哲：那些搞台獨的兒孫全躲美、紐，,Ghamu,代人 這些人也不看看自己 一票都是高喊共匪,59.120.15.21 11/20 17:22,→,407,139,237
M.1574237004.A.874,Re: [新聞] 柯文哲：那些搞台獨的兒孫全躲美、紐，,Ghamu,打過來他馬上投降的叛徒垃圾,59.120.15.21 11/20 17:22,→,407,139,237
M.1574237004.A.874,Re: [新聞] 柯文哲：那些搞台獨的兒孫全躲美、紐，,mercinana,,1.170.87.191 11/20 17:22,推,407,139,237
M.1574237004.A.874,Re: [新聞] 柯文哲：那些搞台獨的兒孫全躲美、紐，,ts17055,幫補血，拜託想“回歸中國”的自己回去=,134.208.245.77 11/20 17:22,推,407,139,237
M.1574237004.A.874,Re: [新聞] 柯文哲：那些搞台獨的兒孫全躲美、紐，,demonhom,推,101.12.49.78 11/20 17:23,推,407,139,237
M.1574237004.A.874,Re: [新聞] 柯文哲：那些搞台獨的兒孫全躲美、紐，,ssnpiggy,推～～,110.28.222.35 11/20 17:23,推,407,139,237
M.1574237004.A.874,Re: [新聞] 柯文哲：那些搞台獨的兒孫全躲美、紐，,chengweirh,獨派沒挺科P 在不爽而已啦 他哪有想這,117.56.218.1 11/20 17:23,推,407,139,237
M.1574237004.A.874,Re: [新聞] 柯文哲：那些搞台獨的兒孫全躲美、紐，,ts17055,=，我只要當臺灣人，說認真的啦，你們這,134.208.245.77 11/20 17:23,→,407,139,237
M.1574237004.A.874,Re: [新聞] 柯文哲：那些搞台獨的兒孫全躲美、紐，,ts17055,些親共的最好是會被中國“友好”對待。,134.208.245.77 11/20 17:23,→,407,139,237
M.1574237004.A.874,Re: [新聞] 柯文哲：那些搞台獨的兒孫全躲美、紐，,chengweirh,麼多,117.56.218.1 11/20 17:23,→,407,139,237
M.1574237004.A.874,Re: [新聞] 柯文哲：那些搞台獨的兒孫全躲美、紐，,Ghamu,更有甚者像吳斯懷還幫忙開城門教解放軍的,59.120.15.21 11/20 17:23,→,407,139,237
M.1574237004.A.874,Re: [新聞] 柯文哲：那些搞台獨的兒孫全躲美、紐，,losage,還不是被狗迫害的。,223.141.201.36 11/20 17:23,推,407,139,237
M.1574237004.A.874,Re: [新聞] 柯文哲：那些搞台獨的兒孫全躲美、紐，,Ghamu,像這種我直接問 [那共產黨打過來 你會投降,59.120.15.21 11/20 17:23,→,407,139,237
M.1574237004.A.874,Re: [新聞] 柯文哲：那些搞台獨的兒孫全躲美、紐，,Ghamu,嗎?] 每個都支支吾吾 轉移焦點 臭雞巴,59.120.15.21 11/20 17:24,→,407,139,237
M.1574237004.A.874,Re: [新聞] 柯文哲：那些搞台獨的兒孫全躲美、紐，,guitar331,推,27.242.139.115 11/20 17:24,推,407,139,237
M.1574237004.A.874,Re: [新聞] 柯文哲：那些搞台獨的兒孫全躲美、紐，,Ghamu,說穿這類人的心態就是我要投降我要下跪 然,59.120.15.21 11/20 17:24,→,407,139,237
M.1574237004.A.874,Re: [新聞] 柯文哲：那些搞台獨的兒孫全躲美、紐，,rbking21,柯講這個真的是垃圾渾蛋到極點……,111.83.238.159 11/20 17:24,推,407,139,237
M.1574237004.A.874,Re: [新聞] 柯文哲：那些搞台獨的兒孫全躲美、紐，,Ghamu,後幻想所有人都跟他們一樣孬種骨氣想下跪,59.120.15.21 11/20 17:24,→,407,139,237
M.1574237004.A.874,Re: [新聞] 柯文哲：那些搞台獨的兒孫全躲美、紐，,Ghamu,所以才說 [別人喊台獨還不是要跟我一起跪?],59.120.15.21 11/20 17:25,→,407,139,237
M.1574237004.A.874,Re: [新聞] 柯文哲：那些搞台獨的兒孫全躲美、紐，,yankeehater,,114.44.245.125 11/20 17:25,推,407,139,237
M.1574237004.A.874,Re: [新聞] 柯文哲：那些搞台獨的兒孫全躲美、紐，,Ghamu,畢竟只有她們下跪太難堪了 他們只好把所有,59.120.15.21 11/20 17:25,→,407,139,237
M.1574237004.A.874,Re: [新聞] 柯文哲：那些搞台獨的兒孫全躲美、紐，,sw11236,你這番言論不可取,39.10.14.5 11/20 17:26,推,407,139,237
M.1574237004.A.874,Re: [新聞] 柯文哲：那些搞台獨的兒孫全躲美、紐，,justin521,推 前幾樓五毛噓真快,111.246.63.16 11/20 17:26,→,407,139,237
M.1574237004.A.874,Re: [新聞] 柯文哲：那些搞台獨的兒孫全躲美、紐，,Ghamu,人打成跟他一樣爛 最後再來個票投XXX 完美,59.120.15.21 11/20 17:26,→,407,139,237
M.1574237004.A.874,Re: [新聞] 柯文哲：那些搞台獨的兒孫全躲美、紐，,vivie,柯糞又要吃屎了,1.200.197.152 11/20 17:27,推,407,139,237
M.1574237004.A.874,Re: [新聞] 柯文哲：那些搞台獨的兒孫全躲美、紐，,Brook74627,柯糞吃屎吧 噁心,115.82.19.56 11/20 17:27,推,407,139,237
M.1574237004.A.874,Re: [新聞] 柯文哲：那些搞台獨的兒孫全躲美、紐，,vsbrm,別像KMT一樣還在緬懷革命先烈，嘴巴喊台獨,42.75.101.6 11/20 17:28,噓,407,139,237
M.1574237004.A.874,Re: [新聞] 柯文哲：那些搞台獨的兒孫全躲美、紐，,vsbrm,，放任紅媒，中資不手軟是哪一個黨?,42.75.101.6 11/20 17:28,→,407,139,237
M.1574237004.A.874,Re: [新聞] 柯文哲：那些搞台獨的兒孫全躲美、紐，,Tiphareth,你就自己承認了他們全家就不想當台灣人,123.240.211.188 11/20 17:29,噓,407,139,237
M.1574237004.A.874,Re: [新聞] 柯文哲：那些搞台獨的兒孫全躲美、紐，,tony121010,柯糞吃屎,39.10.190.17 11/20 17:29,推,407,139,237
M.1574237004.A.874,Re: [新聞] 柯文哲：那些搞台獨的兒孫全躲美、紐，,Tiphareth,XDDDD戒嚴時代逃去美國去當美國人,123.240.211.188 11/20 17:29,→,407,139,237
M.1574237004.A.874,Re: [新聞] 柯文哲：那些搞台獨的兒孫全躲美、紐，,t123540,中共打過來，一堆就跑去依親，藍綠都一樣,39.12.30.88 11/20 17:29,噓,407,139,237
M.1574237004.A.874,Re: [新聞] 柯文哲：那些搞台獨的兒孫全躲美、紐，,t123540,啦,39.12.30.88 11/20 17:29,→,407,139,237
M.1574237004.A.874,Re: [新聞] 柯文哲：那些搞台獨的兒孫全躲美、紐，,WarsongCat,= =都躲來台灣了還叫自由鬥士喔,180.177.0.103 11/20 17:29,噓,407,139,237
M.1574237004.A.874,Re: [新聞] 柯文哲：那些搞台獨的兒孫全躲美、紐，,liezoom,廢文,101.12.230.156 11/20 17:29,噓,407,139,237
M.1574237004.A.874,Re: [新聞] 柯文哲：那些搞台獨的兒孫全躲美、紐，,Tiphareth,現在繼續當美國人管台灣事,123.240.211.188 11/20 17:29,→,407,139,237
M.1574237004.A.874,Re: [新聞] 柯文哲：那些搞台獨的兒孫全躲美、紐，,dostey,這版除了95%鄉民! 現在已滿滿常駐9.25網軍,111.71.212.250 11/20 17:29,推,407,139,237
M.1574237004.A.874,Re: [新聞] 柯文哲：那些搞台獨的兒孫全躲美、紐，,scratch01,不讓國昌進去難道讓蔡壁爐進去？,101.9.160.237 11/20 17:30,推,407,139,237
M.1574237004.A.874,Re: [新聞] 柯文哲：那些搞台獨的兒孫全躲美、紐，,gunies1111,我支持台獨  還要管DPP支不支持台獨?,49.219.140.245 11/20 17:30,推,407,139,237
M.1574237004.A.874,Re: [新聞] 柯文哲：那些搞台獨的兒孫全躲美、紐，,gunies1111,柯粉智商邏輯真的慘,49.219.140.245 11/20 17:30,→,407,139,237
M.1574237004.A.874,Re: [新聞] 柯文哲：那些搞台獨的兒孫全躲美、紐，,WarsongCat,拍拍屁股跑得比誰都快 真正的鬥士是還,180.177.0.103 11/20 17:30,→,407,139,237
M.1574237004.A.874,Re: [新聞] 柯文哲：那些搞台獨的兒孫全躲美、紐，,WarsongCat,留在香港的那群人吧,180.177.0.103 11/20 17:30,→,407,139,237
M.1574237004.A.874,Re: [新聞] 柯文哲：那些搞台獨的兒孫全躲美、紐，,letmesee3085,不能回台灣，放棄綠卡嗎？現在是誰,180.217.177.187 11/20 17:31,→,407,139,237
M.1574237004.A.874,Re: [新聞] 柯文哲：那些搞台獨的兒孫全躲美、紐，,godevangel,推你，柯P變了,223.139.43.48 11/20 17:31,推,407,139,237
M.1574237004.A.874,Re: [新聞] 柯文哲：那些搞台獨的兒孫全躲美、紐，,letmesee3085,執政呀！,180.217.177.187 11/20 17:31,→,407,139,237
M.1574237004.A.874,Re: [新聞] 柯文哲：那些搞台獨的兒孫全躲美、紐，,clecer,柯真是垃圾政客，怎麼不批評中共高官家人,111.71.53.17 11/20 17:32,推,407,139,237
M.1574237004.A.874,Re: [新聞] 柯文哲：那些搞台獨的兒孫全躲美、紐，,clecer,財產都在美國,111.71.53.17 11/20 17:32,→,407,139,237
M.1574237004.A.874,Re: [新聞] 柯文哲：那些搞台獨的兒孫全躲美、紐，,HODALA,票投民眾黨，消滅台獨~!!,114.43.46.181 11/20 17:32,噓,407,139,237
M.1574237004.A.874,Re: [新聞] 柯文哲：那些搞台獨的兒孫全躲美、紐，,bom30433,一堆柯糞在信 被當成9.2五毛也是正常的,114.24.169.94 11/20 17:32,推,407,139,237
M.1574237004.A.874,Re: [新聞] 柯文哲：那些搞台獨的兒孫全躲美、紐，,yutinbabe,9.2不讀書 沒良心,180.177.124.238 11/20 17:34,推,407,139,237
M.1574237004.A.874,Re: [新聞] 柯文哲：那些搞台獨的兒孫全躲美、紐，,calvinhs,推  9.25毛跟柯粉一起狂噓   真壯觀,211.21.125.131 11/20 17:35,推,407,139,237
M.1574237004.A.874,Re: [新聞] 柯文哲：那些搞台獨的兒孫全躲美、紐，,Newschool,民眾黨就小藍還不承認~噁心~柯糞吃屎,59.124.166.19 11/20 17:35,推,407,139,237
M.1574237004.A.874,Re: [新聞] 柯文哲：那些搞台獨的兒孫全躲美、紐，,macrophager,連一國兩制都改口的人，有資格批評台,49.217.128.137 11/20 17:35,推,407,139,237
M.1574237004.A.874,Re: [新聞] 柯文哲：那些搞台獨的兒孫全躲美、紐，,macrophager,獨？,49.217.128.137 11/20 17:35,→,407,139,237
M.1574237004.A.874,Re: [新聞] 柯文哲：那些搞台獨的兒孫全躲美、紐，,kaibaemon,柯文哲罔顧歷史背景的污衊指控有夠垃圾,111.83.133.201 11/20 17:35,推,407,139,237
M.1574237004.A.874,Re: [新聞] 柯文哲：那些搞台獨的兒孫全躲美、紐，,tikowm,跟這舔共賤畜一般見識做什麼?,113.161.144.152 11/20 17:35,→,407,139,237
M.1574237004.A.874,Re: [新聞] 柯文哲：那些搞台獨的兒孫全躲美、紐，,JIKUAI,幫補血  柯糞吃屎,223.140.70.194 11/20 17:36,推,407,139,237
M.1574237004.A.874,Re: [新聞] 柯文哲：那些搞台獨的兒孫全躲美、紐，,firecrest,他就被喜樂島一黑就恨透所有台獨運動者,114.47.107.233 11/20 17:36,推,407,139,237
M.1574237004.A.874,Re: [新聞] 柯文哲：那些搞台獨的兒孫全躲美、紐，,bom30433,這些台僑的貢獻比柯師父跟9.2強多了,114.24.169.94 11/20 17:36,推,407,139,237
M.1574237004.A.874,Re: [新聞] 柯文哲：那些搞台獨的兒孫全躲美、紐，,MoonMan0319,柯糞吃屎,59.120.35.42 11/20 17:36,推,407,139,237
M.1574237004.A.874,Re: [新聞] 柯文哲：那些搞台獨的兒孫全躲美、紐，,vacamin,簡單講就是柯糞吃屎,1.175.81.58 11/20 17:37,推,407,139,237
M.1574237004.A.874,Re: [新聞] 柯文哲：那些搞台獨的兒孫全躲美、紐，,maderfucker,推你 幹柯屁講這句話真的母湯,60.251.136.178 11/20 17:37,推,407,139,237
M.1574237004.A.874,Re: [新聞] 柯文哲：那些搞台獨的兒孫全躲美、紐，,a0034,????????,110.50.152.108 11/20 17:37,推,407,139,237
M.1574237004.A.874,Re: [新聞] 柯文哲：那些搞台獨的兒孫全躲美、紐，,edtzqssm77,氣哦,223.137.4.22 11/20 17:37,→,407,139,237
M.1574237004.A.874,Re: [新聞] 柯文哲：那些搞台獨的兒孫全躲美、紐，,kaibaemon,美國會通過惠台法案，也是靠當年這些回,111.83.133.201 11/20 17:38,→,407,139,237
M.1574237004.A.874,Re: [新聞] 柯文哲：那些搞台獨的兒孫全躲美、紐，,kaibaemon,不了台灣的前輩遊說美國議員。,111.83.133.201 11/20 17:38,→,407,139,237
M.1574237004.A.874,Re: [新聞] 柯文哲：那些搞台獨的兒孫全躲美、紐，,Junticks,急著否定台獨存在真是讓人看笑話,101.14.168.212 11/20 17:38,推,407,139,237
M.1574237004.A.874,Re: [新聞] 柯文哲：那些搞台獨的兒孫全躲美、紐，,kiyomaro,說難聽點台灣戰爭，這些藍綠飛的一定超,101.15.144.63 11/20 17:38,噓,407,139,237
M.1574237004.A.874,Re: [新聞] 柯文哲：那些搞台獨的兒孫全躲美、紐，,kiyomaro,快，有綠卡真好,101.15.144.63 11/20 17:38,→,407,139,237
M.1574237004.A.874,Re: [新聞] 柯文哲：那些搞台獨的兒孫全躲美、紐，,DELETE001,息怒，柯糞9.2五毛本來就聽不懂人話了,180.214.187.17 11/20 17:39,推,407,139,237
M.1574237004.A.874,Re: [新聞] 柯文哲：那些搞台獨的兒孫全躲美、紐，,dlmgn,柯糞吃屎,114.136.211.125 11/20 17:39,噓,407,139,237
M.1574237004.A.874,Re: [新聞] 柯文哲：那些搞台獨的兒孫全躲美、紐，,sepzako,現在的柯粉會飄著一股屎蛆臭不是沒原因的,39.12.165.84 11/20 17:39,推,407,139,237
M.1574237004.A.874,Re: [新聞] 柯文哲：那些搞台獨的兒孫全躲美、紐，,newlances,叫現在有綠卡的台獨都放棄再說啊,27.242.72.166 11/20 17:39,噓,407,139,237
M.1574237004.A.874,Re: [新聞] 柯文哲：那些搞台獨的兒孫全躲美、紐，,SiaSi,推，前幾樓很急,27.247.34.32 11/20 17:41,推,407,139,237
M.1574237004.A.874,Re: [新聞] 柯文哲：那些搞台獨的兒孫全躲美、紐，,sepzako,他們講話越來越像過去的9.2屎蛆,39.12.165.84 11/20 17:41,→,407,139,237
M.1574237004.A.874,Re: [新聞] 柯文哲：那些搞台獨的兒孫全躲美、紐，,robeant,推，柯水準低下根本沒常識,210.240.248.237 11/20 17:41,推,407,139,237
M.1574237004.A.874,Re: [新聞] 柯文哲：那些搞台獨的兒孫全躲美、紐，,haruna1214,舔共仔又在造謠了,111.71.97.109 11/20 17:41,推,407,139,237
M.1574237004.A.874,Re: [新聞] 柯文哲：那些搞台獨的兒孫全躲美、紐，,wesleywesley,柯糞吃屎= =,114.136.4.228 11/20 17:42,推,407,139,237
M.1574237004.A.874,Re: [新聞] 柯文哲：那些搞台獨的兒孫全躲美、紐，,Nordheim,幫補血 這篇好多人崩潰XD,140.114.51.150 11/20 17:43,推,407,139,237
M.1574237004.A.874,Re: [新聞] 柯文哲：那些搞台獨的兒孫全躲美、紐，,qwqw0424,柯糞真的好噁,1.200.192.220 11/20 17:43,推,407,139,237
M.1574237004.A.874,Re: [新聞] 柯文哲：那些搞台獨的兒孫全躲美、紐，,rainbow321,孫中山還逃到日本過呢 嘻嘻,49.217.35.222 11/20 17:43,推,407,139,237
M.1574237004.A.874,Re: [新聞] 柯文哲：那些搞台獨的兒孫全躲美、紐，,gamera,噁心的檳榔嘴,1.161.21.135 11/20 17:43,推,407,139,237
M.1574237004.A.874,Re: [新聞] 柯文哲：那些搞台獨的兒孫全躲美、紐，,newgpx,柯就繼續亂嘴沒差 他現在是藍的當然嘴台獨,118.233.167.171 11/20 17:44,→,407,139,237
M.1574237004.A.874,Re: [新聞] 柯文哲：那些搞台獨的兒孫全躲美、紐，,lostman,推說的好！！！,42.73.37.129 11/20 17:44,推,407,139,237
M.1574237004.A.874,Re: [新聞] 柯文哲：那些搞台獨的兒孫全躲美、紐，,calvinhs,現在柯粉的言論跟9.25毛一樣  嘆為觀止,211.21.125.131 11/20 17:44,推,407,139,237
M.1574237004.A.874,Re: [新聞] 柯文哲：那些搞台獨的兒孫全躲美、紐，,omegajoker,Push,101.15.212.3 11/20 17:44,推,407,139,237
M.1574237004.A.874,Re: [新聞] 柯文哲：那些搞台獨的兒孫全躲美、紐，,a1qazbgt5,反正現在學韓一樣講幹話，你看現在民,110.28.195.126 11/20 17:44,推,407,139,237
M.1574237004.A.874,Re: [新聞] 柯文哲：那些搞台獨的兒孫全躲美、紐，,KNVSEOC,推啊！以前也滿多出去就黑名單不準回來的,114.36.114.85 11/20 17:44,推,407,139,237
M.1574237004.A.874,Re: [新聞] 柯文哲：那些搞台獨的兒孫全躲美、紐，,victor050812,柯粉出籠嘍,49.217.5.23 11/20 17:44,推,407,139,237
M.1574237004.A.874,Re: [新聞] 柯文哲：那些搞台獨的兒孫全躲美、紐，,chengs,..,175.98.154.254 11/20 17:44,噓,407,139,237
M.1574237004.A.874,Re: [新聞] 柯文哲：那些搞台獨的兒孫全躲美、紐，,Insatiable,推,49.215.224.58 11/20 17:44,推,407,139,237
M.1574237004.A.874,Re: [新聞] 柯文哲：那些搞台獨的兒孫全躲美、紐，,pink02,韓粉在美國笑而不語,218.164.108.8 11/20 17:44,推,407,139,237
M.1574237004.A.874,Re: [新聞] 柯文哲：那些搞台獨的兒孫全躲美、紐，,a1qazbgt5,眾黨民調十幾趴，台灣選民就愛這種啊,110.28.195.126 11/20 17:44,→,407,139,237
M.1574237004.A.874,Re: [新聞] 柯文哲：那些搞台獨的兒孫全躲美、紐，,JoshuaAstray,戰力有夠強 幫補血,101.14.214.25 11/20 17:45,推,407,139,237
M.1574237004.A.874,Re: [新聞] 柯文哲：那些搞台獨的兒孫全躲美、紐，,spector66,還是民進黨養的狗比較會咬人,111.71.43.198 11/20 17:45,噓,407,139,237
M.1574237004.A.874,Re: [新聞] 柯文哲：那些搞台獨的兒孫全躲美、紐，,PLAYGGGG,下去,36.232.194.136 11/20 17:45,噓,407,139,237
M.1574237004.A.874,Re: [新聞] 柯文哲：那些搞台獨的兒孫全躲美、紐，,z030060374,你他媽的國父當年也是躲外國起義啦,223.138.191.248 11/20 17:45,噓,407,139,237
M.1574237004.A.874,Re: [新聞] 柯文哲：那些搞台獨的兒孫全躲美、紐，,mikeyben,推,101.12.5.133 11/20 17:45,推,407,139,237
M.1574237004.A.874,Re: [新聞] 柯文哲：那些搞台獨的兒孫全躲美、紐，,Thaichonburi,幹柯文哲全家 臭嘴,223.136.51.92 11/20 17:47,推,407,139,237
M.1574237004.A.874,Re: [新聞] 柯文哲：那些搞台獨的兒孫全躲美、紐，,startiger,你家人去別的醫院看病也說明你是庸醫,27.247.2.99 11/20 17:48,推,407,139,237
M.1574237004.A.874,Re: [新聞] 柯文哲：那些搞台獨的兒孫全躲美、紐，,PeterU,1450蟑螂菸粉好氣 哈哈哈 笑死,118.163.145.42 11/20 17:48,噓,407,139,237
M.1574237004.A.874,Re: [新聞] 柯文哲：那些搞台獨的兒孫全躲美、紐，,huijun,推~柯檳榔,140.96.128.68 11/20 17:48,推,407,139,237
M.1574237004.A.874,Re: [新聞] 柯文哲：那些搞台獨的兒孫全躲美、紐，,shway,吸附威權時代努力龜當醫生也是對台灣民主,49.216.101.50 11/20 17:48,推,407,139,237
M.1574237004.A.874,Re: [新聞] 柯文哲：那些搞台獨的兒孫全躲美、紐，,shway,很有貢獻 很有資格嘴一波,49.216.101.50 11/20 17:48,→,407,139,237
M.1574237004.A.874,Re: [新聞] 柯文哲：那些搞台獨的兒孫全躲美、紐，,polo08266,戰力太低,223.137.235.144 11/20 17:49,噓,407,139,237
M.1574237004.A.874,Re: [新聞] 柯文哲：那些搞台獨的兒孫全躲美、紐，,pink02,釣出ㄧ堆柯糞 真爽,218.164.108.8 11/20 17:50,推,407,139,237
M.1574237004.A.874,Re: [新聞] 柯文哲：那些搞台獨的兒孫全躲美、紐，,feedback,推,61.58.72.80 11/20 17:51,推,407,139,237
M.1574237004.A.874,Re: [新聞] 柯文哲：那些搞台獨的兒孫全躲美、紐，,HorseWing,說的只有跑路仔才是搞台獨的，你當留在,42.75.183.254 11/20 17:51,噓,407,139,237
M.1574237004.A.874,Re: [新聞] 柯文哲：那些搞台獨的兒孫全躲美、紐，,lbowlbow,以前系上的老教授就是被國民黨卡在海外,114.136.215.88 11/20 17:51,→,407,139,237
M.1574237004.A.874,Re: [新聞] 柯文哲：那些搞台獨的兒孫全躲美、紐，,hankhui3175,我已經把柯當作泛藍體系的政治人物了,1.174.148.21 11/20 17:52,推,407,139,237
M.1574237004.A.874,Re: [新聞] 柯文哲：那些搞台獨的兒孫全躲美、紐，,lbowlbow,當時搞台獨的就是跑的，關的，跟死的,114.136.215.88 11/20 17:52,→,407,139,237
M.1574237004.A.874,Re: [新聞] 柯文哲：那些搞台獨的兒孫全躲美、紐，,Kuang12,好多噓QQ,223.137.134.85 11/20 17:52,推,407,139,237
M.1574237004.A.874,Re: [新聞] 柯文哲：那些搞台獨的兒孫全躲美、紐，,nikepanpan,又要洗失言洗一波了嗎？反共法有一樣,49.216.0.69 11/20 17:52,噓,407,139,237
M.1574237004.A.874,Re: [新聞] 柯文哲：那些搞台獨的兒孫全躲美、紐，,HorseWing,台灣的是什麼？,42.75.183.254 11/20 17:52,噓,407,139,237
M.1574237004.A.874,Re: [新聞] 柯文哲：那些搞台獨的兒孫全躲美、紐，,nikepanpan,認真追嗎？還是看到綠色就轉彎了,49.216.0.69 11/20 17:52,→,407,139,237
M.1574237004.A.874,Re: [新聞] 柯文哲：那些搞台獨的兒孫全躲美、紐，,applepie0505,補血，柯講這個真的很誇張...,110.26.4.56 11/20 17:53,推,407,139,237
M.1574237004.A.874,Re: [新聞] 柯文哲：那些搞台獨的兒孫全躲美、紐，,PeterU,搞台獨還理直氣壯 不愧是菸粉1450,118.163.145.42 11/20 17:53,噓,407,139,237
M.1574237004.A.874,Re: [新聞] 柯文哲：那些搞台獨的兒孫全躲美、紐，,guestwhat,白蟑螂會來噓,1.200.32.65 11/20 17:53,推,407,139,237
M.1574237004.A.874,Re: [新聞] 柯文哲：那些搞台獨的兒孫全躲美、紐，,lighter7322,柯糞繼續無腦挺幹,42.77.17.58 11/20 17:53,推,407,139,237
M.1574237004.A.874,Re: [新聞] 柯文哲：那些搞台獨的兒孫全躲美、紐，,clamor88,柯就是個政客 不必對他期望太高,118.171.160.63 11/20 17:53,推,407,139,237
M.1574237004.A.874,Re: [新聞] 柯文哲：那些搞台獨的兒孫全躲美、紐，,yzvr,話說ROC革命成功時，ROC的國父還是在美國看,118.166.144.140 11/20 17:54,推,407,139,237
M.1574237004.A.874,Re: [新聞] 柯文哲：那些搞台獨的兒孫全躲美、紐，,yzvr,報紙才知道的呢，孫中山真是個大騙子啊，科,118.166.144.140 11/20 17:54,→,407,139,237
M.1574237004.A.874,Re: [新聞] 柯文哲：那些搞台獨的兒孫全躲美、紐，,yzvr,科,118.166.144.140 11/20 17:54,→,407,139,237
M.1574237004.A.874,Re: [新聞] 柯文哲：那些搞台獨的兒孫全躲美、紐，,js9550107,搞統一的也一堆拿美國綠卡，笑死人,61.222.127.253 11/20 17:54,推,407,139,237
M.1574237004.A.874,Re: [新聞] 柯文哲：那些搞台獨的兒孫全躲美、紐，,kidolin,媽的柯粉吃屎,223.139.143.127 11/20 17:54,推,407,139,237
M.1574237004.A.874,Re: [新聞] 柯文哲：那些搞台獨的兒孫全躲美、紐，,sid3,柯糞還是吃屎吧,115.82.209.120 11/20 17:54,推,407,139,237
M.1574237004.A.874,Re: [新聞] 柯文哲：那些搞台獨的兒孫全躲美、紐，,Windcws9Z,,59.127.190.36 11/20 17:54,推,407,139,237
M.1574237004.A.874,Re: [新聞] 柯文哲：那些搞台獨的兒孫全躲美、紐，,jeff52,柯文哲真的很噁心,223.139.180.54 11/20 17:55,→,407,139,237
M.1574237004.A.874,Re: [新聞] 柯文哲：那些搞台獨的兒孫全躲美、紐，,tomatosoup,阿九的兩個女兒表示...,118.166.112.150 11/20 17:55,推,407,139,237
M.1574237004.A.874,Re: [新聞] 柯文哲：那些搞台獨的兒孫全躲美、紐，,sm90109,沒錯,39.10.168.131 11/20 17:55,推,407,139,237
M.1574237004.A.874,Re: [新聞] 柯文哲：那些搞台獨的兒孫全躲美、紐，,elvanpenz,對柯徹底失去好感,36.226.143.109 11/20 17:55,推,407,139,237
M.1574237004.A.874,Re: [新聞] 柯文哲：那些搞台獨的兒孫全躲美、紐，,raptorevo,就...柯學啊,114.136.130.171 11/20 17:55,推,407,139,237
M.1574237004.A.874,Re: [新聞] 柯文哲：那些搞台獨的兒孫全躲美、紐，,PeterU,唯一支持民眾黨 菸粉吃屎,118.163.145.42 11/20 17:56,噓,407,139,237
M.1574237004.A.874,Re: [新聞] 柯文哲：那些搞台獨的兒孫全躲美、紐，,lodog,噁心的柯文哲,114.39.185.130 11/20 17:56,推,407,139,237
M.1574237004.A.874,Re: [新聞] 柯文哲：那些搞台獨的兒孫全躲美、紐，,iqqi4200,看到熟悉的ID最對味,223.140.107.71 11/20 17:56,噓,407,139,237
M.1574237004.A.874,Re: [新聞] 柯文哲：那些搞台獨的兒孫全躲美、紐，,Wellesley95,有些人急著噓文 是哪些人不好說,118.166.44.76 11/20 17:57,推,407,139,237
M.1574237004.A.874,Re: [新聞] 柯文哲：那些搞台獨的兒孫全躲美、紐，,JKLIOPNM,哈哈哈,114.37.73.233 11/20 17:57,噓,407,139,237
M.1574237004.A.874,Re: [新聞] 柯文哲：那些搞台獨的兒孫全躲美、紐，,UROLOGY,後人快點移民回來吧,61.224.178.133 11/20 17:58,噓,407,139,237
M.1574237004.A.874,Re: [新聞] 柯文哲：那些搞台獨的兒孫全躲美、紐，,eason10,你2014投柯是因為黨意支持的，下去領14,223.137.97.251 11/20 17:58,噓,407,139,237
M.1574237004.A.874,Re: [新聞] 柯文哲：那些搞台獨的兒孫全躲美、紐，,eason10,50吧,223.137.97.251 11/20 17:58,→,407,139,237
M.1574237004.A.874,Re: [新聞] 柯文哲：那些搞台獨的兒孫全躲美、紐，,phabit,搞統獨的哪個住台灣？ 都住國外,223.141.159.224 11/20 17:58,推,407,139,237
M.1574237004.A.874,Re: [新聞] 柯文哲：那些搞台獨的兒孫全躲美、紐，,ROBrandenbur,有些人只會跳針id 也提不出什麼有意,150.116.162.161 11/20 17:59,推,407,139,237
M.1574237004.A.874,Re: [新聞] 柯文哲：那些搞台獨的兒孫全躲美、紐，,ROBrandenbur,義的辯駁 還拿著自己低能的黑名單,150.116.162.161 11/20 18:00,→,407,139,237
M.1574237004.A.874,Re: [新聞] 柯文哲：那些搞台獨的兒孫全躲美、紐，,ROBrandenbur,真的不怕別人發現自己腦殘,150.116.162.161 11/20 18:00,→,407,139,237
M.1574237004.A.874,Re: [新聞] 柯文哲：那些搞台獨的兒孫全躲美、紐，,annahuangtw,推，師父不要一直玩老共那套好嗎，,49.217.192.37 11/20 18:00,推,407,139,237
M.1574237004.A.874,Re: [新聞] 柯文哲：那些搞台獨的兒孫全躲美、紐，,annahuangtw,不喜歡,49.217.192.37 11/20 18:00,→,407,139,237
M.1574237004.A.874,Re: [新聞] 柯文哲：那些搞台獨的兒孫全躲美、紐，,birdman5656,小鬼好氣哦,114.137.61.32 11/20 18:00,→,407,139,237
M.1574237004.A.874,Re: [新聞] 柯文哲：那些搞台獨的兒孫全躲美、紐，,hopeyts,推,220.130.78.66 11/20 18:00,推,407,139,237
M.1574237004.A.874,Re: [新聞] 柯文哲：那些搞台獨的兒孫全躲美、紐，,weichipedia,柯粉==,101.15.176.196 11/20 18:02,推,407,139,237
M.1574237004.A.874,Re: [新聞] 柯文哲：那些搞台獨的兒孫全躲美、紐，,fenooxx,推,49.159.57.36 11/20 18:02,推,407,139,237
M.1574237004.A.874,Re: [新聞] 柯文哲：那些搞台獨的兒孫全躲美、紐，,spadelin,柯這種去脈絡的言論真的是...,134.158.197.217 11/20 18:02,推,407,139,237
M.1574237004.A.874,Re: [新聞] 柯文哲：那些搞台獨的兒孫全躲美、紐，,JT0624,所以現在有幾個放棄美籍回來的,111.82.49.143 11/20 18:02,噓,407,139,237
M.1574237004.A.874,Re: [新聞] 柯文哲：那些搞台獨的兒孫全躲美、紐，,senma,推,223.140.138.211 11/20 18:03,推,407,139,237
M.1574237004.A.874,Re: [新聞] 柯文哲：那些搞台獨的兒孫全躲美、紐，,yaieki,蚵師傅就深紅藍獨裁腦,49.216.61.31 11/20 18:03,推,407,139,237
M.1574237004.A.874,Re: [新聞] 柯文哲：那些搞台獨的兒孫全躲美、紐，,MrNext,仗義直言、好樣的,39.8.62.231 11/20 18:03,推,407,139,237
M.1574237004.A.874,Re: [新聞] 柯文哲：那些搞台獨的兒孫全躲美、紐，,coolda,紅通通,36.229.201.212 11/20 18:03,推,407,139,237
M.1574237004.A.874,Re: [新聞] 柯文哲：那些搞台獨的兒孫全躲美、紐，,repast,推 柯文哲就是政治垃圾 誤導視聽 還一堆低,223.139.156.74 11/20 18:03,推,407,139,237
M.1574237004.A.874,Re: [新聞] 柯文哲：那些搞台獨的兒孫全躲美、紐，,cutesnow,柯P現在講的話我已經懶得理了 跳過,1.161.118.156 11/20 18:04,推,407,139,237
M.1574237004.A.874,Re: [新聞] 柯文哲：那些搞台獨的兒孫全躲美、紐，,lovelybird,馬上帶風向帶被迫害思想 不愧是網軍,211.75.191.241 11/20 18:04,推,407,139,237
M.1574237004.A.874,Re: [新聞] 柯文哲：那些搞台獨的兒孫全躲美、紐，,tin123210,你很凶欸XD看了真舒服,223.136.150.32 11/20 18:05,推,407,139,237
M.1574237004.A.874,Re: [新聞] 柯文哲：那些搞台獨的兒孫全躲美、紐，,SOC,聖光術補一滴血,223.137.119.70 11/20 18:05,推,407,139,237
M.1574237004.A.874,Re: [新聞] 柯文哲：那些搞台獨的兒孫全躲美、紐，,csb0913,中肯推,61.230.119.216 11/20 18:05,推,407,139,237
M.1574237004.A.874,Re: [新聞] 柯文哲：那些搞台獨的兒孫全躲美、紐，,chocho1981,柯粉現在也沒啥論述了 就是愛抹人1450,36.239.24.12 11/20 18:05,推,407,139,237
M.1574237004.A.874,Re: [新聞] 柯文哲：那些搞台獨的兒孫全躲美、紐，,hchs31705,假中壢的都這樣說啊  自以為中肯,114.45.137.94 11/20 18:05,推,407,139,237
M.1574237004.A.874,Re: [新聞] 柯文哲：那些搞台獨的兒孫全躲美、紐，,repast,能賤畜柯糞跟著叫好,223.139.156.74 11/20 18:06,推,407,139,237
M.1574237004.A.874,Re: [新聞] 柯文哲：那些搞台獨的兒孫全躲美、紐，,sincereboy,一堆人不知道國家內部還是被狗黨把持,39.11.6.39 11/20 18:06,推,407,139,237
M.1574237004.A.874,Re: [新聞] 柯文哲：那些搞台獨的兒孫全躲美、紐，,popxpopxpop,那回來了以後，第二三四五代如果還跑,1.200.61.249 11/20 18:06,噓,407,139,237
M.1574237004.A.874,Re: [新聞] 柯文哲：那些搞台獨的兒孫全躲美、紐，,popxpopxpop,去美、紐勒，帶風向不用這樣帶,1.200.61.249 11/20 18:06,→,407,139,237
M.1574237004.A.874,Re: [新聞] 柯文哲：那些搞台獨的兒孫全躲美、紐，,AUwalker,林青霞還不是每次選舉回來投國民黨,58.7.181.169 11/20 18:06,推,407,139,237
M.1574237004.A.874,Re: [新聞] 柯文哲：那些搞台獨的兒孫全躲美、紐，,repast,難怪去美國參訪獨派團體完全不想見他 柯糞,223.139.156.74 11/20 18:06,→,407,139,237
M.1574237004.A.874,Re: [新聞] 柯文哲：那些搞台獨的兒孫全躲美、紐，,repast,吃屎,223.139.156.74 11/20 18:07,→,407,139,237
M.1574237004.A.874,Re: [新聞] 柯文哲：那些搞台獨的兒孫全躲美、紐，,kakotun,子孫在國外爽  好棒額,42.73.109.108 11/20 18:07,噓,407,139,237
M.1574237004.A.874,Re: [新聞] 柯文哲：那些搞台獨的兒孫全躲美、紐，,lemonchin,柯文哲超噁,2.247.247.99 11/20 18:07,推,407,139,237
M.1574237004.A.874,Re: [新聞] 柯文哲：那些搞台獨的兒孫全躲美、紐，,ppc,推,104.133.15.71 11/20 18:08,推,407,139,237
M.1574237004.A.874,Re: [新聞] 柯文哲：那些搞台獨的兒孫全躲美、紐，,popxpopxpop,不用溯及既往，過去歷史因素其來有,1.200.61.249 11/20 18:08,噓,407,139,237
M.1574237004.A.874,Re: [新聞] 柯文哲：那些搞台獨的兒孫全躲美、紐，,tolajan,至少不會要我們當支那人~柯糞吃屎,36.226.74.177 11/20 18:08,推,407,139,237
M.1574237004.A.874,Re: [新聞] 柯文哲：那些搞台獨的兒孫全躲美、紐，,popxpopxpop,自，已經在台灣位高權重的下一代也,1.200.61.249 11/20 18:08,→,407,139,237
M.1574237004.A.874,Re: [新聞] 柯文哲：那些搞台獨的兒孫全躲美、紐，,rex44391,推,115.82.130.110 11/20 18:09,推,407,139,237
M.1574237004.A.874,Re: [新聞] 柯文哲：那些搞台獨的兒孫全躲美、紐，,popxpopxpop,都在美紐居多，怎麼說,1.200.61.249 11/20 18:09,→,407,139,237
M.1574237004.A.874,Re: [新聞] 柯文哲：那些搞台獨的兒孫全躲美、紐，,eeveelugia2,柯就愛舔共 當然這樣講,223.136.212.234 11/20 18:09,推,407,139,237
M.1574237004.A.874,Re: [新聞] 柯文哲：那些搞台獨的兒孫全躲美、紐，,kreator666,戰,110.28.237.173 11/20 18:09,推,407,139,237
M.1574237004.A.874,Re: [新聞] 柯文哲：那些搞台獨的兒孫全躲美、紐，,lovelybird,我剛剛怎按到推XD,211.75.191.241 11/20 18:10,噓,407,139,237
M.1574237004.A.874,Re: [新聞] 柯文哲：那些搞台獨的兒孫全躲美、紐，,vincentkuo,噓文柯糞真的毫無人性,123.193.54.80 11/20 18:10,推,407,139,237
M.1574237004.A.874,Re: [新聞] 柯文哲：那些搞台獨的兒孫全躲美、紐，,fuhoren,開枝散葉的兒孫可以回到父祖們熱愛的台灣,42.73.219.238 11/20 18:11,→,407,139,237
M.1574237004.A.874,Re: [新聞] 柯文哲：那些搞台獨的兒孫全躲美、紐，,fuhoren,，重回玉蘭花母親的懷抱,42.73.219.238 11/20 18:11,→,407,139,237
M.1574237004.A.874,Re: [新聞] 柯文哲：那些搞台獨的兒孫全躲美、紐，,mrlinwng,其實他一直刻意去脈絡化 不斷誤導支持者,36.237.234.26 11/20 18:12,推,407,139,237
M.1574237004.A.874,Re: [新聞] 柯文哲：那些搞台獨的兒孫全躲美、紐，,nihow78,典型支那治國理念啊 我最屌我說的是絕對,101.12.47.139 11/20 18:12,→,407,139,237
M.1574237004.A.874,Re: [新聞] 柯文哲：那些搞台獨的兒孫全躲美、紐，,lovelybird,你這要做我只是更討厭民進黨而已,211.75.191.241 11/20 18:12,噓,407,139,237
M.1574237004.A.874,Re: [新聞] 柯文哲：那些搞台獨的兒孫全躲美、紐，,fuhoren,和父祖們在同一個島上共存共榮,42.73.219.238 11/20 18:12,→,407,139,237
M.1574237004.A.874,Re: [新聞] 柯文哲：那些搞台獨的兒孫全躲美、紐，,hellam,推,49.216.60.235 11/20 18:13,推,407,139,237
M.1574237004.A.874,Re: [新聞] 柯文哲：那些搞台獨的兒孫全躲美、紐，,lovelybird,事情上就是權貴立法開放雙重國籍 不,211.75.191.241 11/20 18:13,噓,407,139,237
M.1574237004.A.874,Re: [新聞] 柯文哲：那些搞台獨的兒孫全躲美、紐，,ck290206,現在沒抓人，是不是該回來共進退了阿,180.204.22.10 11/20 18:13,→,407,139,237
M.1574237004.A.874,Re: [新聞] 柯文哲：那些搞台獨的兒孫全躲美、紐，,ioweiya,柯糞吃屎,42.73.254.17 11/20 18:14,→,407,139,237
M.1574237004.A.874,Re: [新聞] 柯文哲：那些搞台獨的兒孫全躲美、紐，,cinther129,不要硬拗好嗎,223.137.160.171 11/20 18:14,噓,407,139,237
M.1574237004.A.874,Re: [新聞] 柯文哲：那些搞台獨的兒孫全躲美、紐，,a58461351,柯跟柯糞真他媽一群人渣敗類,223.139.104.116 11/20 18:15,推,407,139,237
M.1574237004.A.874,Re: [新聞] 柯文哲：那些搞台獨的兒孫全躲美、紐，,acegikmp,噁,101.12.100.190 11/20 18:15,噓,407,139,237
M.1574237004.A.874,Re: [新聞] 柯文哲：那些搞台獨的兒孫全躲美、紐，,lovelybird,管藍綠都把孩子送去歐美 我們平民在這,211.75.191.241 11/20 18:15,噓,407,139,237
M.1574237004.A.874,Re: [新聞] 柯文哲：那些搞台獨的兒孫全躲美、紐，,aborwang,推,42.75.141.115 11/20 18:15,推,407,139,237
M.1574237004.A.874,Re: [新聞] 柯文哲：那些搞台獨的兒孫全躲美、紐，,divinemonkey,推,1.172.203.128 11/20 18:15,推,407,139,237
M.1574237004.A.874,Re: [新聞] 柯文哲：那些搞台獨的兒孫全躲美、紐，,sammyice,越看越噁心 無法忍受...2014的他去哪裡,39.12.45.106 11/20 18:15,→,407,139,237
M.1574237004.A.874,Re: [新聞] 柯文哲：那些搞台獨的兒孫全躲美、紐，,sammyice,了,39.12.45.106 11/20 18:15,→,407,139,237
M.1574237004.A.874,Re: [新聞] 柯文哲：那些搞台獨的兒孫全躲美、紐，,vlee,零分。現在出去的都是撈滿自願雙重國籍,180.217.132.39 11/20 18:16,噓,407,139,237
M.1574237004.A.874,Re: [新聞] 柯文哲：那些搞台獨的兒孫全躲美、紐，,lovelybird,被剝削,211.75.191.241 11/20 18:16,噓,407,139,237
M.1574237004.A.874,Re: [新聞] 柯文哲：那些搞台獨的兒孫全躲美、紐，,h22212247888,找不回良心的市長,101.12.128.225 11/20 18:16,推,407,139,237
M.1574237004.A.874,Re: [新聞] 柯文哲：那些搞台獨的兒孫全躲美、紐，,lazysama,信徒會來噓,114.137.238.43 11/20 18:16,推,407,139,237
M.1574237004.A.874,Re: [新聞] 柯文哲：那些搞台獨的兒孫全躲美、紐，,hschian,所以沒有美國護照？來來來po一篇看看,114.137.222.126 11/20 18:18,噓,407,139,237
M.1574237004.A.874,Re: [新聞] 柯文哲：那些搞台獨的兒孫全躲美、紐，,dcoog7880,推 柯糞吃屎,1.161.203.235 11/20 18:18,推,407,139,237
M.1574237004.A.874,Re: [新聞] 柯文哲：那些搞台獨的兒孫全躲美、紐，,hschian,看看這些台獨狗拿那裡的護照,114.137.222.126 11/20 18:19,→,407,139,237
M.1574237004.A.874,Re: [新聞] 柯文哲：那些搞台獨的兒孫全躲美、紐，,KGB13,推,101.137.216.0 11/20 18:20,推,407,139,237
M.1574237004.A.874,Re: [新聞] 柯文哲：那些搞台獨的兒孫全躲美、紐，,chipndale,統派才一堆雙重國籍的垃圾,42.73.152.79 11/20 18:20,推,407,139,237
M.1574237004.A.874,Re: [新聞] 柯文哲：那些搞台獨的兒孫全躲美、紐，,TR104,垃圾柯 白圾力量,101.14.137.65 11/20 18:20,推,407,139,237
M.1574237004.A.874,Re: [新聞] 柯文哲：那些搞台獨的兒孫全躲美、紐，,jehow,跑去美國生小孩 然後說被逼的 笑死,223.137.201.113 11/20 18:20,噓,407,139,237
M.1574237004.A.874,Re: [新聞] 柯文哲：那些搞台獨的兒孫全躲美、紐，,dodo577,柯真的盲目仇綠仇到是非不分,45.41.147.32 11/20 18:21,推,407,139,237
M.1574237004.A.874,Re: [新聞] 柯文哲：那些搞台獨的兒孫全躲美、紐，,s894117,論點一直跳耶？,123.216.174.124 11/20 18:22,噓,407,139,237
M.1574237004.A.874,Re: [新聞] 柯文哲：那些搞台獨的兒孫全躲美、紐，,andy666888,推,114.44.158.145 11/20 18:23,推,407,139,237
M.1574237004.A.874,Re: [新聞] 柯文哲：那些搞台獨的兒孫全躲美、紐，,foxtrot,.,39.8.167.67 11/20 18:24,推,407,139,237
M.1574237004.A.874,Re: [新聞] 柯文哲：那些搞台獨的兒孫全躲美、紐，,dwighthsu,實話也要崩潰？不然你叫那些搞台獨的叫,110.26.34.106 11/20 18:24,推,407,139,237
M.1574237004.A.874,Re: [新聞] 柯文哲：那些搞台獨的兒孫全躲美、紐，,dwighthsu,現在獨大的民退黨改憲法啊？以前是民權,110.26.34.106 11/20 18:24,→,407,139,237
M.1574237004.A.874,Re: [新聞] 柯文哲：那些搞台獨的兒孫全躲美、紐，,lklklk111,別,36.229.21.14 11/20 18:24,噓,407,139,237
M.1574237004.A.874,Re: [新聞] 柯文哲：那些搞台獨的兒孫全躲美、紐，,dwighthsu,鬥士，但現在就是既得利益者而已，不,110.26.34.106 11/20 18:24,→,407,139,237
M.1574237004.A.874,Re: [新聞] 柯文哲：那些搞台獨的兒孫全躲美、紐，,dwighthsu,知道蟑螂們到底在崩潰什麼？,110.26.34.106 11/20 18:24,→,407,139,237
M.1574237004.A.874,Re: [新聞] 柯文哲：那些搞台獨的兒孫全躲美、紐，,oldancestor,柯糞吃屎,101.15.216.27 11/20 18:24,推,407,139,237
M.1574237004.A.874,Re: [新聞] 柯文哲：那些搞台獨的兒孫全躲美、紐，,berserk,哇操 馬上釣到文盲耶,223.139.220.197 11/20 18:25,推,407,139,237
M.1574237004.A.874,Re: [新聞] 柯文哲：那些搞台獨的兒孫全躲美、紐，,oilcaptain,正確,223.136.177.187 11/20 18:25,推,407,139,237
M.1574237004.A.874,Re: [新聞] 柯文哲：那些搞台獨的兒孫全躲美、紐，,chenu,好了 那現在可以回來放棄美國護照嗎,39.8.32.132 11/20 18:25,→,407,139,237
M.1574237004.A.874,Re: [新聞] 柯文哲：那些搞台獨的兒孫全躲美、紐，,YuenYang5566,柯糞急著噓耶,60.248.56.11 11/20 18:25,→,407,139,237
M.1574237004.A.874,Re: [新聞] 柯文哲：那些搞台獨的兒孫全躲美、紐，,berserk,噓的狂被打臉比他們老母被狗幹還精彩,223.139.220.197 11/20 18:27,推,407,139,237
M.1574237004.A.874,Re: [新聞] 柯文哲：那些搞台獨的兒孫全躲美、紐，,MW1220,我真他媽的想要追回當初捐給他的捐款 幹,114.136.240.103 11/20 18:28,→,407,139,237
M.1574237004.A.874,Re: [新聞] 柯文哲：那些搞台獨的兒孫全躲美、紐，,yaotz5065,中肯推 一堆垃圾推文現在享有的言論自,36.226.2.36 11/20 18:28,推,407,139,237
M.1574237004.A.874,Re: [新聞] 柯文哲：那些搞台獨的兒孫全躲美、紐，,FRANCO11,邏輯正確給推,101.15.192.253 11/20 18:28,推,407,139,237
M.1574237004.A.874,Re: [新聞] 柯文哲：那些搞台獨的兒孫全躲美、紐，,yaotz5065,由還是這些民主前輩在海外推動的成果,36.226.2.36 11/20 18:28,→,407,139,237
M.1574237004.A.874,Re: [新聞] 柯文哲：那些搞台獨的兒孫全躲美、紐，,phate410417,唉,49.217.236.241 11/20 18:29,推,407,139,237
M.1574237004.A.874,Re: [新聞] 柯文哲：那些搞台獨的兒孫全躲美、紐，,smart8122,我覺得很中肯,219.70.117.67 11/20 18:30,噓,407,139,237
M.1574237004.A.874,Re: [新聞] 柯文哲：那些搞台獨的兒孫全躲美、紐，,joker2340,認真文給推,27.105.249.240 11/20 18:31,推,407,139,237
M.1574237004.A.874,Re: [新聞] 柯文哲：那些搞台獨的兒孫全躲美、紐，,hareluya78,推,114.39.194.86 11/20 18:31,推,407,139,237
M.1574237004.A.874,Re: [新聞] 柯文哲：那些搞台獨的兒孫全躲美、紐，,YuenYang5566,在美國出生逼人家回台灣，跟逼在臺,42.75.34.171 11/20 18:31,推,407,139,237
M.1574237004.A.874,Re: [新聞] 柯文哲：那些搞台獨的兒孫全躲美、紐，,YuenYang5566,灣出生的人當中國人一樣，有夠低能,42.75.34.171 11/20 18:31,→,407,139,237
M.1574237004.A.874,Re: [新聞] 柯文哲：那些搞台獨的兒孫全躲美、紐，,kirenenko,幫補血,114.46.153.127 11/20 18:31,推,407,139,237
M.1574237004.A.874,Re: [新聞] 柯文哲：那些搞台獨的兒孫全躲美、紐，,jack8759,推,114.36.247.242 11/20 18:33,推,407,139,237
M.1574237004.A.874,Re: [新聞] 柯文哲：那些搞台獨的兒孫全躲美、紐，,webberhan,4,49.217.48.27 11/20 18:33,推,407,139,237
M.1574237004.A.874,Re: [新聞] 柯文哲：那些搞台獨的兒孫全躲美、紐，,lk,推,27.246.77.33 11/20 18:36,推,407,139,237
M.1574237004.A.874,Re: [新聞] 柯文哲：那些搞台獨的兒孫全躲美、紐，,cca1109,投時力效果遠大於泛藍畜民眾黨投時力效果,125.224.81.248 11/20 18:37,推,407,139,237
M.1574237004.A.874,Re: [新聞] 柯文哲：那些搞台獨的兒孫全躲美、紐，,cca1109,遠大於泛藍畜民眾黨投時力效果遠大於泛藍,125.224.81.248 11/20 18:37,→,407,139,237
M.1574237004.A.874,Re: [新聞] 柯文哲：那些搞台獨的兒孫全躲美、紐，,cca1109,畜民眾黨投時力效果遠大於泛藍畜民眾黨,125.224.81.248 11/20 18:37,→,407,139,237
M.1574237004.A.874,Re: [新聞] 柯文哲：那些搞台獨的兒孫全躲美、紐，,d8731400,不去國外 難道要落入政府手中變把柄嗎？,39.8.205.140 11/20 18:38,推,407,139,237
M.1574237004.A.874,Re: [新聞] 柯文哲：那些搞台獨的兒孫全躲美、紐，,shaman5566,打到痛點跳腳狂噓 嘻嘻,180.217.108.98 11/20 18:38,推,407,139,237
M.1574237004.A.874,Re: [新聞] 柯文哲：那些搞台獨的兒孫全躲美、紐，,hahaha99,下去領1450 綠蛆 只敢放話沒有作為的垃,223.139.232.69 11/20 18:40,噓,407,139,237
M.1574237004.A.874,Re: [新聞] 柯文哲：那些搞台獨的兒孫全躲美、紐，,lilavadee,推,39.13.192.149 11/20 18:40,推,407,139,237
M.1574237004.A.874,Re: [新聞] 柯文哲：那些搞台獨的兒孫全躲美、紐，,Zeldaman,我覺得忠肯 我也要搞台獨出國Ya,111.83.117.136 11/20 18:40,噓,407,139,237
M.1574237004.A.874,Re: [新聞] 柯文哲：那些搞台獨的兒孫全躲美、紐，,hahaha99,圾黨,223.139.232.69 11/20 18:40,→,407,139,237
M.1574237004.A.874,Re: [新聞] 柯文哲：那些搞台獨的兒孫全躲美、紐，,agow,蟑螂不是綠的嗎？怎麼被變色了,27.52.38.202 11/20 18:40,噓,407,139,237
M.1574237004.A.874,Re: [新聞] 柯文哲：那些搞台獨的兒孫全躲美、紐，,ogami,這串真的可以看到一堆假白粉露出馬腳了,125.224.23.211 11/20 18:41,推,407,139,237
M.1574237004.A.874,Re: [新聞] 柯文哲：那些搞台獨的兒孫全躲美、紐，,Sashaaaa,垃圾柯,202.86.174.130 11/20 18:42,推,407,139,237
M.1574237004.A.874,Re: [新聞] 柯文哲：那些搞台獨的兒孫全躲美、紐，,darkMood,可憐,49.216.20.40 11/20 18:42,噓,407,139,237
M.1574237004.A.874,Re: [新聞] 柯文哲：那些搞台獨的兒孫全躲美、紐，,hellobuffet,推,101.9.196.16 11/20 18:43,推,407,139,237
M.1574237004.A.874,Re: [新聞] 柯文哲：那些搞台獨的兒孫全躲美、紐，,conbanwa,柯糞吃屎,115.82.164.93 11/20 18:45,推,407,139,237
M.1574237004.A.874,Re: [新聞] 柯文哲：那些搞台獨的兒孫全躲美、紐，,oldlu2002,良心被狗啃了，找不回來啦,42.75.211.119 11/20 18:45,推,407,139,237
M.1574237004.A.874,Re: [新聞] 柯文哲：那些搞台獨的兒孫全躲美、紐，,fishq71,推,117.19.146.204 11/20 18:45,推,407,139,237
M.1574237004.A.874,Re: [新聞] 柯文哲：那些搞台獨的兒孫全躲美、紐，,starbear,邏輯正確，讚讚！藍蛆科粉崩潰中,42.72.0.70 11/20 18:45,推,407,139,237
M.1574237004.A.874,Re: [新聞] 柯文哲：那些搞台獨的兒孫全躲美、紐，,deleteme,支那賤畜們有錢才都移民美國加拿大，只,114.43.79.99 11/20 18:46,推,407,139,237
M.1574237004.A.874,Re: [新聞] 柯文哲：那些搞台獨的兒孫全躲美、紐，,deleteme,有低端畜生才留在支那,114.43.79.99 11/20 18:46,→,407,139,237
M.1574237004.A.874,Re: [新聞] 柯文哲：那些搞台獨的兒孫全躲美、紐，,RD5566,好了啦 少假了 講什麼心裡清楚,101.12.8.240 11/20 18:47,→,407,139,237
M.1574237004.A.874,Re: [新聞] 柯文哲：那些搞台獨的兒孫全躲美、紐，,sunchloveann,事實不是嗎  你想反駁也是你的自由,49.216.50.37 11/20 18:47,噓,407,139,237
M.1574237004.A.874,Re: [新聞] 柯文哲：那些搞台獨的兒孫全躲美、紐，,Zeldaa,87,114.40.98.176 11/20 18:49,噓,407,139,237
M.1574237004.A.874,Re: [新聞] 柯文哲：那些搞台獨的兒孫全躲美、紐，,tanted,推,1.164.14.168 11/20 18:49,推,407,139,237
M.1574237004.A.874,Re: [新聞] 柯文哲：那些搞台獨的兒孫全躲美、紐，,BEHIND,三小,39.12.162.109 11/20 18:51,推,407,139,237
M.1574237004.A.874,Re: [新聞] 柯文哲：那些搞台獨的兒孫全躲美、紐，,orangedot,不推不行,49.216.45.187 11/20 18:51,推,407,139,237
M.1574237004.A.874,Re: [新聞] 柯文哲：那些搞台獨的兒孫全躲美、紐，,SWer1026,柯糞吃屎,223.137.224.70 11/20 18:52,推,407,139,237
M.1574237004.A.874,Re: [新聞] 柯文哲：那些搞台獨的兒孫全躲美、紐，,DarrenKuo,蚵P沒勇氣革命的,114.136.125.209 11/20 18:52,推,407,139,237
M.1574237004.A.874,Re: [新聞] 柯文哲：那些搞台獨的兒孫全躲美、紐，,sandysam,啊現在不想回來只敢在國外爽？,1.10.138.68 11/20 18:52,噓,407,139,237
M.1574237004.A.874,Re: [新聞] 柯文哲：那些搞台獨的兒孫全躲美、紐，,billy5588tw,為什麼柯的小孩不留在台灣,110.26.233.29 11/20 18:52,推,407,139,237
M.1574237004.A.874,Re: [新聞] 柯文哲：那些搞台獨的兒孫全躲美、紐，,Carrarese,柯有夠垃圾,175.182.19.63 11/20 18:52,推,407,139,237
M.1574237004.A.874,Re: [新聞] 柯文哲：那些搞台獨的兒孫全躲美、紐，,pokiu5kla,推,110.28.169.157 11/20 18:52,推,407,139,237
M.1574237004.A.874,Re: [新聞] 柯文哲：那些搞台獨的兒孫全躲美、紐，,Binomial5566,和白蟑講這麼多真辛苦 牠們是護主心,223.137.62.35 11/20 18:54,推,407,139,237
M.1574237004.A.874,Re: [新聞] 柯文哲：那些搞台獨的兒孫全躲美、紐，,Binomial5566,切還是邏輯低下?,223.137.62.35 11/20 18:54,→,407,139,237
M.1574237004.A.874,Re: [新聞] 柯文哲：那些搞台獨的兒孫全躲美、紐，,xhung,現在台灣是綠色恐怖? 早就解禁可以回來了,42.73.10.191 11/20 18:55,噓,407,139,237
M.1574237004.A.874,Re: [新聞] 柯文哲：那些搞台獨的兒孫全躲美、紐，,eric525498,推,223.141.189.124 11/20 18:55,推,407,139,237
M.1574237004.A.874,Re: [新聞] 柯文哲：那些搞台獨的兒孫全躲美、紐，,AirPenguin,回來幹嘛,220.136.129.10 11/20 18:55,推,407,139,237
M.1574237004.A.874,Re: [新聞] 柯文哲：那些搞台獨的兒孫全躲美、紐，,JJJZZs,要回來了嗎 以下開放臭嘴喔,220.137.117.193 11/20 18:56,噓,407,139,237
M.1574237004.A.874,Re: [新聞] 柯文哲：那些搞台獨的兒孫全躲美、紐，,xhung,而且 他們兒孫如果不想回來 放棄國籍啊,42.73.10.191 11/20 18:56,噓,407,139,237
M.1574237004.A.874,Re: [新聞] 柯文哲：那些搞台獨的兒孫全躲美、紐，,xhung,不要躲到超過兵役年紀 再回台灣用健保...,42.73.10.191 11/20 18:56,→,407,139,237
M.1574237004.A.874,Re: [新聞] 柯文哲：那些搞台獨的兒孫全躲美、紐，,beercat,我當初的1000元也變成幻影惹,223.138.100.198 11/20 18:57,推,407,139,237
M.1574237004.A.874,Re: [新聞] 柯文哲：那些搞台獨的兒孫全躲美、紐，,superswide,柯文哲真的是沒救了,110.26.62.55 11/20 18:57,推,407,139,237
M.1574237004.A.874,Re: [新聞] 柯文哲：那些搞台獨的兒孫全躲美、紐，,a410006108,文哲吃屎 根本柯台辦,114.42.34.169 11/20 18:58,推,407,139,237
M.1574237004.A.874,Re: [新聞] 柯文哲：那些搞台獨的兒孫全躲美、紐，,alaskatomato,推 柯糞吃屎,36.231.104.132 11/20 18:58,推,407,139,237
M.1574237004.A.874,Re: [新聞] 柯文哲：那些搞台獨的兒孫全躲美、紐，,kevin70,是唷,223.137.192.15 11/20 18:58,噓,407,139,237
M.1574237004.A.874,Re: [新聞] 柯文哲：那些搞台獨的兒孫全躲美、紐，,lanucelot,支持,111.255.36.13 11/20 18:58,推,407,139,237
M.1574237004.A.874,Re: [新聞] 柯文哲：那些搞台獨的兒孫全躲美、紐，,losesoul01,推,61.224.0.162 11/20 18:59,推,407,139,237
M.1574237004.A.874,Re: [新聞] 柯文哲：那些搞台獨的兒孫全躲美、紐，,bardah2c,垃圾滯台支那寄生蟲,49.217.38.81 11/20 18:59,推,407,139,237
M.1574237004.A.874,Re: [新聞] 柯文哲：那些搞台獨的兒孫全躲美、紐，,uini,加蔥的力量哪來的臉啊,1.160.125.156 11/20 18:59,推,407,139,237
M.1574237004.A.874,Re: [新聞] 柯文哲：那些搞台獨的兒孫全躲美、紐，,bestmoe,回文戰力超強 op,101.9.76.96 11/20 19:00,推,407,139,237
M.1574237004.A.874,Re: [新聞] 柯文哲：那些搞台獨的兒孫全躲美、紐，,sediments,檳螂還不快滾出來噓     阿 已經出來了,220.141.126.199 11/20 19:00,推,407,139,237
M.1574237004.A.874,Re: [新聞] 柯文哲：那些搞台獨的兒孫全躲美、紐，,wajolihi,推辣幹,42.75.34.203 11/20 19:01,→,407,139,237
M.1574237004.A.874,Re: [新聞] 柯文哲：那些搞台獨的兒孫全躲美、紐，,gossipboy060,柯糞食屎,27.52.38.14 11/20 19:01,推,407,139,237
M.1574237004.A.874,Re: [新聞] 柯文哲：那些搞台獨的兒孫全躲美、紐，,zardmih,柯seafood就一個被黨國教育馴化的垃圾 只,223.138.173.209 11/20 19:02,推,407,139,237
M.1574237004.A.874,Re: [新聞] 柯文哲：那些搞台獨的兒孫全躲美、紐，,zardmih,會坐享別人流血換來的民主自由,223.138.173.209 11/20 19:02,→,407,139,237
M.1574237004.A.874,Re: [新聞] 柯文哲：那些搞台獨的兒孫全躲美、紐，,songyy2003,高調推 支那柯糞吃屎,42.75.107.106 11/20 19:02,推,407,139,237
M.1574237004.A.874,Re: [新聞] 柯文哲：那些搞台獨的兒孫全躲美、紐，,revera1992,國共柯韓一家親,110.50.150.122 11/20 19:02,推,407,139,237
M.1574237004.A.874,Re: [新聞] 柯文哲：那些搞台獨的兒孫全躲美、紐，,vsbrm,以前海外台獨是不得已，現在台獨是口號，綠,42.75.101.6 11/20 19:02,噓,407,139,237
M.1574237004.A.874,Re: [新聞] 柯文哲：那些搞台獨的兒孫全躲美、紐，,vsbrm,卡是生活，就跟海外的五毛一樣,42.75.101.6 11/20 19:03,→,407,139,237
M.1574237004.A.874,Re: [新聞] 柯文哲：那些搞台獨的兒孫全躲美、紐，,ancientstar,原po力戰蟑螂 給推,49.217.204.1 11/20 19:03,推,407,139,237
M.1574237004.A.874,Re: [新聞] 柯文哲：那些搞台獨的兒孫全躲美、紐，,Withinout,推戰力 噓文弱爆,59.102.166.16 11/20 19:03,推,407,139,237
M.1574237004.A.874,Re: [新聞] 柯文哲：那些搞台獨的兒孫全躲美、紐，,skinny27,說實話給你聽啊 怕了？,36.225.142.44 11/20 19:04,推,407,139,237
M.1574237004.A.874,Re: [新聞] 柯文哲：那些搞台獨的兒孫全躲美、紐，,fouto,反正現在死台灣人家的小孩 美國小孩沒事,223.138.41.101 11/20 19:04,噓,407,139,237
M.1574237004.A.874,Re: [新聞] 柯文哲：那些搞台獨的兒孫全躲美、紐，,amdvega,推,120.126.124.12 11/20 19:05,推,407,139,237
M.1574237004.A.874,Re: [新聞] 柯文哲：那些搞台獨的兒孫全躲美、紐，,TureCooler,前幾樓超急，怕失言被放大嗎,39.12.231.7 11/20 19:05,推,407,139,237
M.1574237004.A.874,Re: [新聞] 柯文哲：那些搞台獨的兒孫全躲美、紐，,huangevans,柯現在真的很噁心,1.174.239.181 11/20 19:05,推,407,139,237
M.1574237004.A.874,Re: [新聞] 柯文哲：那些搞台獨的兒孫全躲美、紐，,amishitter,柯黨=本土化的國民黨,180.217.209.190 11/20 19:06,推,407,139,237
M.1574237004.A.874,Re: [新聞] 柯文哲：那些搞台獨的兒孫全躲美、紐，,iangjen,推，很兇。讚讚,49.216.61.149 11/20 19:06,推,407,139,237
M.1574237004.A.874,Re: [新聞] 柯文哲：那些搞台獨的兒孫全躲美、紐，,busweetstar,柯糞吃屎啦幹,42.74.192.214 11/20 19:07,推,407,139,237
M.1574237004.A.874,Re: [新聞] 柯文哲：那些搞台獨的兒孫全躲美、紐，,bluerinoa,推,42.75.2.191 11/20 19:07,推,407,139,237
M.1574237004.A.874,Re: [新聞] 柯文哲：那些搞台獨的兒孫全躲美、紐，,chang70480,從小在美國長大 台灣本來就不是二代,114.136.215.147 11/20 19:08,推,407,139,237
M.1574237004.A.874,Re: [新聞] 柯文哲：那些搞台獨的兒孫全躲美、紐，,lili300,推，而且台僑在美國國會的遊說團也為推動,36.231.168.45 11/20 19:08,推,407,139,237
M.1574237004.A.874,Re: [新聞] 柯文哲：那些搞台獨的兒孫全躲美、紐，,chang70480,的家,114.136.215.147 11/20 19:08,→,407,139,237
M.1574237004.A.874,Re: [新聞] 柯文哲：那些搞台獨的兒孫全躲美、紐，,lili300,台美關係出很多力，柯這樣講根本是在孤立,36.231.168.45 11/20 19:08,→,407,139,237
M.1574237004.A.874,Re: [新聞] 柯文哲：那些搞台獨的兒孫全躲美、紐，,lili300,台灣，損害台灣利益,36.231.168.45 11/20 19:08,→,407,139,237
M.1574237004.A.874,Re: [新聞] 柯文哲：那些搞台獨的兒孫全躲美、紐，,NearYou,在美國搞台獨，呵呵，最垃圾就這種,223.138.211.73 11/20 19:10,噓,407,139,237
M.1574237004.A.874,Re: [新聞] 柯文哲：那些搞台獨的兒孫全躲美、紐，,proque,柯韓一家親都一樣沒腦,49.216.29.41 11/20 19:11,推,407,139,237
M.1574237004.A.874,Re: [新聞] 柯文哲：那些搞台獨的兒孫全躲美、紐，,thebalkans,柯的真正嘴臉,110.50.173.92 11/20 19:11,推,407,139,237
M.1574237004.A.874,Re: [新聞] 柯文哲：那些搞台獨的兒孫全躲美、紐，,noah7011,只能推戰力夠,39.12.131.148 11/20 19:12,推,407,139,237
M.1574237004.A.874,Re: [新聞] 柯文哲：那些搞台獨的兒孫全躲美、紐，,CHJ1111,推,42.77.0.245 11/20 19:12,推,407,139,237
M.1574237004.A.874,Re: [新聞] 柯文哲：那些搞台獨的兒孫全躲美、紐，,seal81924,支那賤畜狂噓 我來幫你補了,110.50.170.204 11/20 19:13,推,407,139,237
M.1574237004.A.874,Re: [新聞] 柯文哲：那些搞台獨的兒孫全躲美、紐，,believefate,白粉森77 笑死,223.138.34.129 11/20 19:14,推,407,139,237
M.1574237004.A.874,Re: [新聞] 柯文哲：那些搞台獨的兒孫全躲美、紐，,leocean9816,"兒孫都躲美國,今天蔡菸蚊認證了,笑死",123.195.193.215 11/20 19:14,噓,407,139,237
M.1574237004.A.874,Re: [新聞] 柯文哲：那些搞台獨的兒孫全躲美、紐，,safah,推 不然粉紅色蟑螂又要出征囉,111.248.146.243 11/20 19:14,推,407,139,237
M.1574237004.A.874,Re: [新聞] 柯文哲：那些搞台獨的兒孫全躲美、紐，,zardmih,真的要講那怎麼不說1949年來的滯台支那難,223.138.173.209 11/20 19:16,推,407,139,237
M.1574237004.A.874,Re: [新聞] 柯文哲：那些搞台獨的兒孫全躲美、紐，,zardmih,民現在都有台灣國籍勒？怎麼不子承父業回,223.138.173.209 11/20 19:16,→,407,139,237
M.1574237004.A.874,Re: [新聞] 柯文哲：那些搞台獨的兒孫全躲美、紐，,zardmih,中國去反共偏死賴在台灣？ 打著ROC神主牌,223.138.173.209 11/20 19:17,→,407,139,237
M.1574237004.A.874,Re: [新聞] 柯文哲：那些搞台獨的兒孫全躲美、紐，,zardmih,在台灣騙吃騙喝掠奪資源？,223.138.173.209 11/20 19:17,→,407,139,237
M.1574237004.A.874,Re: [新聞] 柯文哲：那些搞台獨的兒孫全躲美、紐，,k44754,好了啦，真難看:),101.15.164.253 11/20 19:17,噓,407,139,237
M.1574237004.A.874,Re: [新聞] 柯文哲：那些搞台獨的兒孫全躲美、紐，,lairx,真的覺得2014和現在完全不同人呵呵,223.136.132.231 11/20 19:18,推,407,139,237
M.1574237004.A.874,Re: [新聞] 柯文哲：那些搞台獨的兒孫全躲美、紐，,dkjolihi,水  好猛 讚 我喜歡,1.164.63.103 11/20 19:18,推,407,139,237
M.1574237004.A.874,Re: [新聞] 柯文哲：那些搞台獨的兒孫全躲美、紐，,yoyoman84102,垃圾賤畜開噓,223.139.152.153 11/20 19:19,推,407,139,237
M.1574237004.A.874,Re: [新聞] 柯文哲：那些搞台獨的兒孫全躲美、紐，,Breeze0805,智障五毛聽不懂啦,111.248.66.197 11/20 19:19,推,407,139,237
M.1574237004.A.874,Re: [新聞] 柯文哲：那些搞台獨的兒孫全躲美、紐，,twn65w65,其實沒說錯,101.137.49.128 11/20 19:20,→,407,139,237
M.1574237004.A.874,Re: [新聞] 柯文哲：那些搞台獨的兒孫全躲美、紐，,leocean9816,"只能戰用字喔,笑死,我看至少87%以上",123.195.193.215 11/20 19:21,→,407,139,237
M.1574237004.A.874,Re: [新聞] 柯文哲：那些搞台獨的兒孫全躲美、紐，,foxey,站立堅強推,59.124.242.209 11/20 19:21,推,407,139,237
M.1574237004.A.874,Re: [新聞] 柯文哲：那些搞台獨的兒孫全躲美、紐，,Liking,???,223.138.62.75 11/20 19:22,噓,407,139,237
M.1574237004.A.874,Re: [新聞] 柯文哲：那些搞台獨的兒孫全躲美、紐，,twn65w65,我是說標題,101.137.49.128 11/20 19:22,推,407,139,237
M.1574237004.A.874,Re: [新聞] 柯文哲：那些搞台獨的兒孫全躲美、紐，,Groger,柯真的雞腸鳥肚，記恨去美時人家不接待他,172.58.235.136 11/20 19:23,噓,407,139,237
M.1574237004.A.874,Re: [新聞] 柯文哲：那些搞台獨的兒孫全躲美、紐，,shioulanyu,好強,112.104.152.172 11/20 19:24,推,407,139,237
M.1574237004.A.874,Re: [新聞] 柯文哲：那些搞台獨的兒孫全躲美、紐，,x7834210,推,61.227.76.236 11/20 19:27,推,407,139,237
M.1574237004.A.874,Re: [新聞] 柯文哲：那些搞台獨的兒孫全躲美、紐，,Sdair,推，柯真的是...,223.138.48.79 11/20 19:27,推,407,139,237
M.1574237004.A.874,Re: [新聞] 柯文哲：那些搞台獨的兒孫全躲美、紐，,m3b34,反正蚵糞低能聽不懂,36.239.224.32 11/20 19:27,推,407,139,237
M.1574237004.A.874,Re: [新聞] 柯文哲：那些搞台獨的兒孫全躲美、紐，,goodnight4Tw,政治不難 良心被狗吃掉而已,111.253.90.110 11/20 19:28,推,407,139,237
M.1574237004.A.874,Re: [新聞] 柯文哲：那些搞台獨的兒孫全躲美、紐，,doraemon00,推,202.215.220.195 11/20 19:29,推,407,139,237
M.1574237004.A.874,Re: [新聞] 柯文哲：那些搞台獨的兒孫全躲美、紐，,panachiao,柯糞：你...就只是1450,118.166.56.75 11/20 19:33,推,407,139,237
M.1574237004.A.874,Re: [新聞] 柯文哲：那些搞台獨的兒孫全躲美、紐，,leocean9816,老屁孩戰法XD 那失智英毛不就99.99%,123.195.193.215 11/20 19:33,噓,407,139,237
M.1574237004.A.874,Re: [新聞] 柯文哲：那些搞台獨的兒孫全躲美、紐，,ShaqONeal,真的,180.217.125.7 11/20 19:34,→,407,139,237
M.1574237004.A.874,Re: [新聞] 柯文哲：那些搞台獨的兒孫全躲美、紐，,vsbrm,在小英當選，DPP國會過半時台獨就結束了，,122.121.15.238 11/20 19:35,噓,407,139,237
M.1574237004.A.874,Re: [新聞] 柯文哲：那些搞台獨的兒孫全躲美、紐，,vsbrm,還需要海外台獨? 就怕選票不夠多而已,,→,407,139,237
M.1574237004.A.874,Re: [新聞] 柯文哲：那些搞台獨的兒孫全躲美、紐，,OGCed,舔共仔說的話都很噁,49.214.149.73 11/20 19:35,推,407,139,237
M.1574237004.A.874,Re: [新聞] 柯文哲：那些搞台獨的兒孫全躲美、紐，,MasCat,垃圾藍綠,223.136.222.202 11/20 19:37,噓,407,139,237
M.1574237004.A.874,Re: [新聞] 柯文哲：那些搞台獨的兒孫全躲美、紐，,kobeday,呵,219.59.84.74 11/20 19:37,噓,407,139,237
M.1574237004.A.874,Re: [新聞] 柯文哲：那些搞台獨的兒孫全躲美、紐，,qkenny,蟑螂吃屎,95.91.234.198 11/20 19:37,噓,407,139,237
M.1574237004.A.874,Re: [新聞] 柯文哲：那些搞台獨的兒孫全躲美、紐，,leocean9816,舔共仔英毛不過代理人法，笑死狂菸粉,123.195.193.215 11/20 19:38,→,407,139,237
M.1574237004.A.874,Re: [新聞] 柯文哲：那些搞台獨的兒孫全躲美、紐，,OoJudyoO,噓文的跟五毛差不多了,49.214.204.110 11/20 19:39,→,407,139,237
M.1574237004.A.874,Re: [新聞] 柯文哲：那些搞台獨的兒孫全躲美、紐，,GonVolcano,噓的人真的真香,180.204.68.178 11/20 19:40,推,407,139,237
M.1574237004.A.874,Re: [新聞] 柯文哲：那些搞台獨的兒孫全躲美、紐，,kikikokouuu,推,39.10.138.158 11/20 19:42,推,407,139,237
M.1574237004.A.874,Re: [新聞] 柯文哲：那些搞台獨的兒孫全躲美、紐，,r5566ex,推,223.138.13.14 11/20 19:43,推,407,139,237
M.1574237004.A.874,Re: [新聞] 柯文哲：那些搞台獨的兒孫全躲美、紐，,sam682097,幹你柯P,223.140.12.246 11/20 19:44,推,407,139,237
M.1574237004.A.874,Re: [新聞] 柯文哲：那些搞台獨的兒孫全躲美、紐，,coaka,一堆文盲,114.45.118.199 11/20 19:44,推,407,139,237
M.1574237004.A.874,Re: [新聞] 柯文哲：那些搞台獨的兒孫全躲美、紐，,jims123,廢話一個,39.10.225.4 11/20 19:47,推,407,139,237
M.1574237004.A.874,Re: [新聞] 柯文哲：那些搞台獨的兒孫全躲美、紐，,reynaud,唉，要無限上綱也隨便啦,114.136.133.228 11/20 19:47,噓,407,139,237
M.1574237004.A.874,Re: [新聞] 柯文哲：那些搞台獨的兒孫全躲美、紐，,EightXD,台獨勒 真敢講 立委都過半了 有實質行動,27.247.5.39 11/20 19:54,噓,407,139,237
M.1574237004.A.874,Re: [新聞] 柯文哲：那些搞台獨的兒孫全躲美、紐，,EightXD,嗎 也只有腦殘煙粉才會被垃圾黨騙,27.247.5.39 11/20 19:54,→,407,139,237
M.1574237004.A.874,Re: [新聞] 柯文哲：那些搞台獨的兒孫全躲美、紐，,stantheman,柯文哲就是垃圾,86.238.150.126 11/20 19:55,推,407,139,237
M.1574237004.A.874,Re: [新聞] 柯文哲：那些搞台獨的兒孫全躲美、紐，,mukuro,他自己才像最大的騙子吧,36.233.100.192 11/20 19:55,→,407,139,237
M.1574237004.A.874,Re: [新聞] 柯文哲：那些搞台獨的兒孫全躲美、紐，,demitri,柯越來越噁心了,104.32.182.180 11/20 19:57,→,407,139,237
M.1574237004.A.874,Re: [新聞] 柯文哲：那些搞台獨的兒孫全躲美、紐，,minron,推,180.217.128.184 11/20 19:57,推,407,139,237
M.1574237004.A.874,Re: [新聞] 柯文哲：那些搞台獨的兒孫全躲美、紐，,maple1991,推，這真的時代悲劇還被柯拿來消遣,223.140.184.90 11/20 19:57,推,407,139,237
M.1574237004.A.874,Re: [新聞] 柯文哲：那些搞台獨的兒孫全躲美、紐，,Zuiho,推,36.227.80.129 11/20 19:57,推,407,139,237
M.1574237004.A.874,Re: [新聞] 柯文哲：那些搞台獨的兒孫全躲美、紐，,clemens123,你的回文充滿了謾罵……,39.12.165.78 11/20 20:02,噓,407,139,237
M.1574237004.A.874,Re: [新聞] 柯文哲：那些搞台獨的兒孫全躲美、紐，,apocalypses,柯糞吃屎,123.194.159.22 11/20 20:05,推,407,139,237
M.1574237004.A.874,Re: [新聞] 柯文哲：那些搞台獨的兒孫全躲美、紐，,iverson8094,優文,223.137.12.75 11/20 20:05,推,407,139,237
M.1574237004.A.874,Re: [新聞] 柯文哲：那些搞台獨的兒孫全躲美、紐，,sweetorz,柯屁也在搶當特首,111.248.84.251 11/20 20:07,推,407,139,237
M.1574237004.A.874,Re: [新聞] 柯文哲：那些搞台獨的兒孫全躲美、紐，,singjin,推，高調,180.217.119.17 11/20 20:08,推,407,139,237
M.1574237004.A.874,Re: [新聞] 柯文哲：那些搞台獨的兒孫全躲美、紐，,tigerzz3,這個垃圾早就不演了,1.161.152.13 11/20 20:10,推,407,139,237
M.1574237004.A.874,Re: [新聞] 柯文哲：那些搞台獨的兒孫全躲美、紐，,rissos,事實阿 好像很多人以為要搬離從小出生長大,107.77.223.97 11/20 20:10,推,407,139,237
M.1574237004.A.874,Re: [新聞] 柯文哲：那些搞台獨的兒孫全躲美、紐，,rissos,生根的地方一秒鐘就能辦到 美國就已經是人,107.77.223.97 11/20 20:10,→,407,139,237
M.1574237004.A.874,Re: [新聞] 柯文哲：那些搞台獨的兒孫全躲美、紐，,rissos,家的家鄉了,107.77.223.97 11/20 20:10,→,407,139,237
M.1574237004.A.874,Re: [新聞] 柯文哲：那些搞台獨的兒孫全躲美、紐，,salazopyrin,柯屁越來越糞了  根本垃圾,114.46.35.81 11/20 20:11,推,407,139,237
M.1574237004.A.874,Re: [新聞] 柯文哲：那些搞台獨的兒孫全躲美、紐，,sbmylife,垃圾,36.239.125.233 11/20 20:11,推,407,139,237
M.1574237004.A.874,Re: [新聞] 柯文哲：那些搞台獨的兒孫全躲美、紐，,lenta,柯何時才要找回良心啊,101.12.231.203 11/20 20:12,推,407,139,237
M.1574237004.A.874,Re: [新聞] 柯文哲：那些搞台獨的兒孫全躲美、紐，,mapleyu,幫補血,42.74.213.175 11/20 20:16,推,407,139,237
M.1574237004.A.874,Re: [新聞] 柯文哲：那些搞台獨的兒孫全躲美、紐，,clemens123,你根本是引戰的 這種討論根本沒有意義,39.12.165.78 11/20 20:18,噓,407,139,237
M.1574237004.A.874,Re: [新聞] 柯文哲：那些搞台獨的兒孫全躲美、紐，,clemens123,因你們雙方本就是對立的立場,39.12.165.78 11/20 20:18,→,407,139,237
M.1574237004.A.874,Re: [新聞] 柯文哲：那些搞台獨的兒孫全躲美、紐，,lysimach,白圾,140.109.189.241 11/20 20:19,推,407,139,237
M.1574237004.A.874,Re: [新聞] 柯文哲：那些搞台獨的兒孫全躲美、紐，,hector958,嗆,101.12.6.157 11/20 20:20,推,407,139,237
M.1574237004.A.874,Re: [新聞] 柯文哲：那些搞台獨的兒孫全躲美、紐，,soumi520,柯糞什麼屎都吃我也是見識了,220.137.133.7 11/20 20:21,推,407,139,237
M.1574237004.A.874,Re: [新聞] 柯文哲：那些搞台獨的兒孫全躲美、紐，,iamamiba,開口閉口髒字只會讓你的論點大扣分,209.6.121.145 11/20 20:23,噓,407,139,237
M.1574237004.A.874,Re: [新聞] 柯文哲：那些搞台獨的兒孫全躲美、紐，,Songla08,幫你補血,110.28.64.250 11/20 20:25,推,407,139,237
M.1574237004.A.874,Re: [新聞] 柯文哲：那些搞台獨的兒孫全躲美、紐，,hadoly,又是你這個菜逼八柯黑             我推,123.194.200.99 11/20 20:26,推,407,139,237
M.1574237004.A.874,Re: [新聞] 柯文哲：那些搞台獨的兒孫全躲美、紐，,chysh,柯說的是喜憨島如某美國夫妻那種，干民主前,101.13.130.245 11/20 20:30,→,407,139,237
M.1574237004.A.874,Re: [新聞] 柯文哲：那些搞台獨的兒孫全躲美、紐，,chysh,輩屁事，而且原本在說的是徵兵制議題，整天,101.13.130.245 11/20 20:30,→,407,139,237
M.1574237004.A.874,Re: [新聞] 柯文哲：那些搞台獨的兒孫全躲美、紐，,chysh,喊台獨又讓自己子女躲國外的吉娃娃，柯黑是,101.13.130.245 11/20 20:30,→,407,139,237
M.1574237004.A.874,Re: [新聞] 柯文哲：那些搞台獨的兒孫全躲美、紐，,chysh,不是文盲理盲居多啊？,101.13.130.245 11/20 20:30,→,407,139,237
M.1574237004.A.874,Re: [新聞] 柯文哲：那些搞台獨的兒孫全躲美、紐，,a09374567,chysh 可能海外獨派份子後代 以為海外,39.12.94.32 11/20 20:35,推,407,139,237
M.1574237004.A.874,Re: [新聞] 柯文哲：那些搞台獨的兒孫全躲美、紐，,a09374567,黑名單會遺傳 現在dpp一黨獨大 不能回,39.12.94.32 11/20 20:35,→,407,139,237
M.1574237004.A.874,Re: [新聞] 柯文哲：那些搞台獨的兒孫全躲美、紐，,sheilala,推,99.240.167.221 11/20 20:37,推,407,139,237
M.1574237004.A.874,Re: [新聞] 柯文哲：那些搞台獨的兒孫全躲美、紐，,a09374567,來 好危險低～ 還有這咖本來就習慣主題,39.12.94.32 11/20 20:37,→,407,139,237
M.1574237004.A.874,Re: [新聞] 柯文哲：那些搞台獨的兒孫全躲美、紐，,a09374567,隨便說一些 再用一些詭辯超連結到其他,39.12.94.32 11/20 20:37,→,407,139,237
M.1574237004.A.874,Re: [新聞] 柯文哲：那些搞台獨的兒孫全躲美、紐，,DriverYu,,36.231.156.13 11/20 20:37,推,407,139,237
M.1574237004.A.874,Re: [新聞] 柯文哲：那些搞台獨的兒孫全躲美、紐，,a09374567,部分 習慣就好XD,39.12.94.32 11/20 20:37,→,407,139,237
M.1574237004.A.874,Re: [新聞] 柯文哲：那些搞台獨的兒孫全躲美、紐，,wasmemory,戰力滿點 現在打一篇文都要跟9.2五毛,114.46.119.171 11/20 20:39,推,407,139,237
M.1574237004.A.874,Re: [新聞] 柯文哲：那些搞台獨的兒孫全躲美、紐，,wasmemory,戰來戰去有夠累,114.46.119.171 11/20 20:39,→,407,139,237
M.1574237004.A.874,Re: [新聞] 柯文哲：那些搞台獨的兒孫全躲美、紐，,Zeldaa,國會過半趕快宣布台獨阿 廢物,114.40.98.176 11/20 20:47,噓,407,139,237
M.1574237004.A.874,Re: [新聞] 柯文哲：那些搞台獨的兒孫全躲美、紐，,DwyaneKidd,柯糞真的很噁心,1.160.97.18 11/20 20:52,推,407,139,237
M.1574237004.A.874,Re: [新聞] 柯文哲：那些搞台獨的兒孫全躲美、紐，,maylin810,這個戰力夠高推,42.74.187.161 11/20 20:52,推,407,139,237
M.1574237004.A.874,Re: [新聞] 柯文哲：那些搞台獨的兒孫全躲美、紐，,rissos,說原po引戰的推文也太好笑XDDDD,107.77.223.97 11/20 20:58,推,407,139,237
M.1574237004.A.874,Re: [新聞] 柯文哲：那些搞台獨的兒孫全躲美、紐，,mekiss131475,怎麼這麼多可悲崩潰仔是邏輯不好還,27.52.40.50 11/20 20:59,推,407,139,237
M.1574237004.A.874,Re: [新聞] 柯文哲：那些搞台獨的兒孫全躲美、紐，,mekiss131475,是歷史沒學好,27.52.40.50 11/20 20:59,→,407,139,237
M.1574237004.A.874,Re: [新聞] 柯文哲：那些搞台獨的兒孫全躲美、紐，,cctu0618,柯粉氣噗噗,101.136.124.190 11/20 21:00,推,407,139,237
M.1574237004.A.874,Re: [新聞] 柯文哲：那些搞台獨的兒孫全躲美、紐，,jerrysuper,推,27.242.167.149 11/20 21:00,推,407,139,237
M.1574237004.A.874,Re: [新聞] 柯文哲：那些搞台獨的兒孫全躲美、紐，,sw0159,師傅還沒吃藥啊,49.216.48.142 11/20 21:01,推,407,139,237
M.1574237004.A.874,Re: [新聞] 柯文哲：那些搞台獨的兒孫全躲美、紐，,Zeldaa,對啦對啦 小英最棒 獨派都沒有不爽她啦,114.40.98.176 11/20 21:02,噓,407,139,237
M.1574237004.A.874,Re: [新聞] 柯文哲：那些搞台獨的兒孫全躲美、紐，,itoh,中肯,114.47.118.158 11/20 21:02,推,407,139,237
M.1574237004.A.874,Re: [新聞] 柯文哲：那些搞台獨的兒孫全躲美、紐，,sean12345678,柯文哲的狗就無恥啊,118.150.215.181 11/20 21:03,推,407,139,237
M.1574237004.A.874,Re: [新聞] 柯文哲：那些搞台獨的兒孫全躲美、紐，,Nyarlathotep,師父說的都是對的，就算是屎也要邊,49.217.20.67 11/20 21:05,推,407,139,237
M.1574237004.A.874,Re: [新聞] 柯文哲：那些搞台獨的兒孫全躲美、紐，,bvcde33wq,推呵呵,220.129.182.168 11/20 21:05,推,407,139,237
M.1574237004.A.874,Re: [新聞] 柯文哲：那些搞台獨的兒孫全躲美、紐，,Nyarlathotep,喊真香邊吃,49.217.20.67 11/20 21:05,→,407,139,237
M.1574237004.A.874,Re: [新聞] 柯文哲：那些搞台獨的兒孫全躲美、紐，,Zeldaa,吃柯p的屎總比吃藍綠的屎還被汙錢好 肏,114.40.98.176 11/20 21:08,噓,407,139,237
M.1574237004.A.874,Re: [新聞] 柯文哲：那些搞台獨的兒孫全躲美、紐，,Zeldaa,一堆貪汙議員立委 繼續喊芒果乾有屁用,114.40.98.176 11/20 21:09,→,407,139,237
M.1574237004.A.874,Re: [新聞] 柯文哲：那些搞台獨的兒孫全躲美、紐，,Zeldaa,不用講不贏就在那邊五毛啦 我支持真台獨,114.40.98.176 11/20 21:15,噓,407,139,237
M.1574237004.A.874,Re: [新聞] 柯文哲：那些搞台獨的兒孫全躲美、紐，,Zeldaa,反對假台獨真騙錢,114.40.98.176 11/20 21:15,→,407,139,237
M.1574237004.A.874,Re: [新聞] 柯文哲：那些搞台獨的兒孫全躲美、紐，,sheilala,支持真台獨的連修憲門檻都不知道還出來,99.240.167.221 11/20 21:18,推,407,139,237
M.1574237004.A.874,Re: [新聞] 柯文哲：那些搞台獨的兒孫全躲美、紐，,sheilala,丟臉 不要裝了,99.240.167.221 11/20 21:18,→,407,139,237
M.1574237004.A.874,Re: [新聞] 柯文哲：那些搞台獨的兒孫全躲美、紐，,parquet,檳榔柯真他媽的垃圾,42.73.148.75 11/20 21:20,推,407,139,237
M.1574237004.A.874,Re: [新聞] 柯文哲：那些搞台獨的兒孫全躲美、紐，,Zeldaa,民進黨何時提過為了台獨請支持立委更多?,114.40.98.176 11/20 21:20,噓,407,139,237
M.1574237004.A.874,Re: [新聞] 柯文哲：那些搞台獨的兒孫全躲美、紐，,Zeldaa,有嗎? 有嗎? 沒有嘛幹!!!他們就不想台獨阿,114.40.98.176 11/20 21:21,→,407,139,237
M.1574237004.A.874,Re: [新聞] 柯文哲：那些搞台獨的兒孫全躲美、紐，,Zeldaa,從未提過為了修憲請努力投民進黨 這不是騙,114.40.98.176 11/20 21:21,→,407,139,237
M.1574237004.A.874,Re: [新聞] 柯文哲：那些搞台獨的兒孫全躲美、紐，,Zeldaa,嗎? 不敢提獨立 國旗倒是很會拿,114.40.98.176 11/20 21:22,→,407,139,237
M.1574237004.A.874,Re: [新聞] 柯文哲：那些搞台獨的兒孫全躲美、紐，,Zeldaa,真他媽好務實 中共同路人轉身變副總統,114.40.98.176 11/20 21:23,→,407,139,237
M.1574237004.A.874,Re: [新聞] 柯文哲：那些搞台獨的兒孫全躲美、紐，,hotrain13,柯糞吃屎,36.236.64.51 11/20 21:26,推,407,139,237
M.1574237004.A.874,Re: [新聞] 柯文哲：那些搞台獨的兒孫全躲美、紐，,bal3,"推政治不難,找回良心而已,講這句的柯...",36.238.184.84 11/20 21:33,推,407,139,237
M.1574237004.A.874,Re: [新聞] 柯文哲：那些搞台獨的兒孫全躲美、紐，,abc53,推,49.217.128.108 11/20 21:37,推,407,139,237
M.1574237004.A.874,Re: [新聞] 柯文哲：那些搞台獨的兒孫全躲美、紐，,abc53,一堆教授被列黑名單回不來台灣,49.217.128.108 11/20 21:38,→,407,139,237
M.1574237004.A.874,Re: [新聞] 柯文哲：那些搞台獨的兒孫全躲美、紐，,deago,世代悲劇，結果被柯批拿來消遣，TMD讚,114.37.16.40 11/20 21:39,推,407,139,237
M.1574237004.A.874,Re: [新聞] 柯文哲：那些搞台獨的兒孫全躲美、紐，,abc53,柯文哲講這個真的是垃圾,49.217.128.108 11/20 21:39,→,407,139,237
M.1574237004.A.874,Re: [新聞] 柯文哲：那些搞台獨的兒孫全躲美、紐，,a5245242003,幫補,110.28.35.239 11/20 21:43,推,407,139,237
M.1574237004.A.874,Re: [新聞] 柯文哲：那些搞台獨的兒孫全躲美、紐，,eden1129,所以現在是在躲綠色恐怖 所以才不回來,101.14.131.35 11/20 21:46,噓,407,139,237
M.1574237004.A.874,Re: [新聞] 柯文哲：那些搞台獨的兒孫全躲美、紐，,eden1129,ㄇ,101.14.131.35 11/20 21:46,→,407,139,237
M.1574237004.A.874,Re: [新聞] 柯文哲：那些搞台獨的兒孫全躲美、紐，,sheilala,無法護航無腦噓,99.240.167.221 11/20 21:46,推,407,139,237
M.1574237004.A.874,Re: [新聞] 柯文哲：那些搞台獨的兒孫全躲美、紐，,magic999,以前躲國共，請問現在不回來是？,61.70.127.100 11/20 21:47,噓,407,139,237
M.1574237004.A.874,Re: [新聞] 柯文哲：那些搞台獨的兒孫全躲美、紐，,zxcbrian,下賤白粉,134.196.42.210 11/20 21:53,推,407,139,237
M.1574237004.A.874,Re: [新聞] 柯文哲：那些搞台獨的兒孫全躲美、紐，,Luba,科真的太誇張 不知台灣歷史 這些人都還在世,101.8.240.179 11/20 21:56,推,407,139,237
M.1574237004.A.874,Re: [新聞] 柯文哲：那些搞台獨的兒孫全躲美、紐，,Luba,台灣這三十年來靠這些人發展經濟與外國關係,101.8.240.179 11/20 21:57,→,407,139,237
M.1574237004.A.874,Re: [新聞] 柯文哲：那些搞台獨的兒孫全躲美、紐，,KIEFER12,推你本文&這麼耐戰,36.237.122.159 11/20 21:57,推,407,139,237
M.1574237004.A.874,Re: [新聞] 柯文哲：那些搞台獨的兒孫全躲美、紐，,Luba,他們很多因為回不來在國外創業成功現在才回`,101.8.240.179 11/20 21:58,→,407,139,237
M.1574237004.A.874,Re: [新聞] 柯文哲：那些搞台獨的兒孫全躲美、紐，,Luba,民眾黨就是與台灣脫鉤反智,101.8.240.179 11/20 21:59,→,407,139,237
M.1574237004.A.874,Re: [新聞] 柯文哲：那些搞台獨的兒孫全躲美、紐，,abc53,原po火力真強XD,49.217.128.108 11/20 21:59,推,407,139,237
M.1574237004.A.874,Re: [新聞] 柯文哲：那些搞台獨的兒孫全躲美、紐，,saltlake,辜寬敏在美日本,114.44.194.57 11/20 22:03,→,407,139,237
M.1574237004.A.874,Re: [新聞] 柯文哲：那些搞台獨的兒孫全躲美、紐，,saltlake,在美國的子孫不願意回來，那本人回來了?,114.44.194.57 11/20 22:04,→,407,139,237
M.1574237004.A.874,Re: [新聞] 柯文哲：那些搞台獨的兒孫全躲美、紐，,rainlinix,看到那麼多支那柯韓粉噓就只能推了,218.173.7.169 11/20 22:05,推,407,139,237
M.1574237004.A.874,Re: [新聞] 柯文哲：那些搞台獨的兒孫全躲美、紐，,saltlake,陳唐山和李應元回來當中央官和立委,114.44.194.57 11/20 22:06,→,407,139,237
M.1574237004.A.874,Re: [新聞] 柯文哲：那些搞台獨的兒孫全躲美、紐，,rainlinix,柯講這種話整個就是只會欺負好人，要,218.173.7.169 11/20 22:11,→,407,139,237
M.1574237004.A.874,Re: [新聞] 柯文哲：那些搞台獨的兒孫全躲美、紐，,rainlinix,人連後代放棄幾十年的經營回來搞台獨,218.173.7.169 11/20 22:11,→,407,139,237
M.1574237004.A.874,Re: [新聞] 柯文哲：那些搞台獨的兒孫全躲美、紐，,rainlinix,？然後他自己當個媽寶天天哭他家為228,218.173.7.169 11/20 22:11,→,407,139,237
M.1574237004.A.874,Re: [新聞] 柯文哲：那些搞台獨的兒孫全躲美、紐，,rainlinix,犧牲三小的真的噁心。,218.173.7.169 11/20 22:11,→,407,139,237
M.1574237004.A.874,Re: [新聞] 柯文哲：那些搞台獨的兒孫全躲美、紐，,lcomicer,夠派,36.225.20.135 11/20 22:21,推,407,139,237
M.1574237004.A.874,Re: [新聞] 柯文哲：那些搞台獨的兒孫全躲美、紐，,Zeldaa,小弟弟文組廢物 薪水一定低,218.164.9.112 11/20 22:27,噓,407,139,237
M.1574237004.A.874,Re: [新聞] 柯文哲：那些搞台獨的兒孫全躲美、紐，,apple0159,幹來幹去屎來屎去能對這個社會有什麼,123.194.173.114 11/20 22:28,→,407,139,237
M.1574237004.A.874,Re: [新聞] 柯文哲：那些搞台獨的兒孫全躲美、紐，,apple0159,幫助？,123.194.173.114 11/20 22:28,→,407,139,237
M.1574237004.A.874,Re: [新聞] 柯文哲：那些搞台獨的兒孫全躲美、紐，,warden,推,101.136.137.115 11/20 22:39,推,407,139,237
M.1574237004.A.874,Re: [新聞] 柯文哲：那些搞台獨的兒孫全躲美、紐，,moonstarxs,推推,220.132.142.9 11/20 22:47,推,407,139,237
M.1574237004.A.874,Re: [新聞] 柯文哲：那些搞台獨的兒孫全躲美、紐，,rndsulgye,柯這種真是……一個人怎麼會變成這樣…,36.232.202.177 11/20 22:48,→,407,139,237
M.1574237004.A.874,Re: [新聞] 柯文哲：那些搞台獨的兒孫全躲美、紐，,rndsulgye,…,36.232.202.177 11/20 22:48,→,407,139,237
M.1574237004.A.874,Re: [新聞] 柯文哲：那些搞台獨的兒孫全躲美、紐，,wts4832,你說的才是事實 柯文哲真的是無恥人渣,140.114.80.221 11/20 22:50,推,407,139,237
M.1574237004.A.874,Re: [新聞] 柯文哲：那些搞台獨的兒孫全躲美、紐，,wts4832,顛倒黑白 扭曲事實,140.114.80.221 11/20 22:50,→,407,139,237
M.1574237004.A.874,Re: [新聞] 柯文哲：那些搞台獨的兒孫全躲美、紐，,ks22523,柯糞甲賽啦,110.26.38.196 11/20 22:50,推,407,139,237
M.1574237004.A.874,Re: [新聞] 柯文哲：那些搞台獨的兒孫全躲美、紐，,GUMIGUMI,蟑螂還是會去督紅軍副總統啦,115.82.8.130 11/20 22:51,→,407,139,237
M.1574237004.A.874,Re: [新聞] 柯文哲：那些搞台獨的兒孫全躲美、紐，,nomo0911,你舉個搞台獨的 全家大小財產都在臺灣,182.233.226.235 11/20 22:52,噓,407,139,237
M.1574237004.A.874,Re: [新聞] 柯文哲：那些搞台獨的兒孫全躲美、紐，,nomo0911,的來聽聽,182.233.226.235 11/20 22:53,→,407,139,237
M.1574237004.A.874,Re: [新聞] 柯文哲：那些搞台獨的兒孫全躲美、紐，,awcd30010,說自己白色 一張嘴就在分裂台灣,123.195.46.73 11/20 23:10,推,407,139,237
M.1574237004.A.874,Re: [新聞] 柯文哲：那些搞台獨的兒孫全躲美、紐，,yhong,推你,114.47.118.8 11/20 23:10,推,407,139,237
M.1574237004.A.874,Re: [新聞] 柯文哲：那些搞台獨的兒孫全躲美、紐，,fissive,柯這言論真是傻眼 雖然傻眼不只一次了,114.35.125.164 11/20 23:17,推,407,139,237
M.1574237004.A.874,Re: [新聞] 柯文哲：那些搞台獨的兒孫全躲美、紐，,fissive,他可以不要再覺得自己最聰明嗎,114.35.125.164 11/20 23:17,→,407,139,237
M.1574237004.A.874,Re: [新聞] 柯文哲：那些搞台獨的兒孫全躲美、紐，,airider,不推你不行,223.137.117.18 11/20 23:27,推,407,139,237
M.1574237004.A.874,Re: [新聞] 柯文哲：那些搞台獨的兒孫全躲美、紐，,kani1984,推,115.82.16.112 11/20 23:38,推,407,139,237
M.1574237004.A.874,Re: [新聞] 柯文哲：那些搞台獨的兒孫全躲美、紐，,Jetex,神帖朝聖。真台獨戰神火力洗地～五毛白毛寸,1.160.49.34 11/20 23:40,推,407,139,237
M.1574237004.A.874,Re: [新聞] 柯文哲：那些搞台獨的兒孫全躲美、紐，,Jetex,草不生～,1.160.49.34 11/20 23:40,→,407,139,237
M.1574237004.A.874,Re: [新聞] 柯文哲：那些搞台獨的兒孫全躲美、紐，,pichia,推,114.136.49.14 11/20 23:46,推,407,139,237
M.1574237004.A.874,Re: [新聞] 柯文哲：那些搞台獨的兒孫全躲美、紐，,evestyle,"我真服了you,原po沒想過你回話的有很大",223.139.64.162 11/20 23:46,推,407,139,237
M.1574237004.A.874,Re: [新聞] 柯文哲：那些搞台獨的兒孫全躲美、紐，,evestyle,可能都是假人嗎？是說我覺得5毛還有一些,223.139.64.162 11/20 23:46,→,407,139,237
M.1574237004.A.874,Re: [新聞] 柯文哲：那些搞台獨的兒孫全躲美、紐，,evestyle,特定人士丟出台獨議題感覺很像要移轉注,223.139.64.162 11/20 23:46,→,407,139,237
M.1574237004.A.874,Re: [新聞] 柯文哲：那些搞台獨的兒孫全躲美、紐，,evestyle,意力啊..然後減輕對中共的反感，就是要,223.139.64.162 11/20 23:46,→,407,139,237
M.1574237004.A.874,Re: [新聞] 柯文哲：那些搞台獨的兒孫全躲美、紐，,evestyle,把對中共的仇恨厭惡移轉,223.139.64.162 11/20 23:47,→,407,139,237
M.1574237004.A.874,Re: [新聞] 柯文哲：那些搞台獨的兒孫全躲美、紐，,tomxul4,,114.137.37.13 11/20 23:48,推,407,139,237
M.1574237004.A.874,Re: [新聞] 柯文哲：那些搞台獨的兒孫全躲美、紐，,yuma0621,推推!柯屁怎不嘴馬英九的家人都在美國,118.150.32.250 11/21 00:05,推,407,139,237
M.1574237004.A.874,Re: [新聞] 柯文哲：那些搞台獨的兒孫全躲美、紐，,smpian,說自己是白色，白癡智障吧,223.136.43.90 11/21 00:23,推,407,139,237
M.1574237004.A.874,Re: [新聞] 柯文哲：那些搞台獨的兒孫全躲美、紐，,miney,柯屁現在的言論比國台辦更兇狠,36.231.126.36 11/21 00:27,推,407,139,237
M.1574237004.A.874,Re: [新聞] 柯文哲：那些搞台獨的兒孫全躲美、紐，,tenkaakido,你老台獨看到現在民進洞爛到比渣還爛,223.140.94.70 11/21 00:32,噓,407,139,237
M.1574237004.A.874,Re: [新聞] 柯文哲：那些搞台獨的兒孫全躲美、紐，,tenkaakido,還能挺？難怪台獨的都沒腦袋,223.140.94.70 11/21 00:32,→,407,139,237
M.1574237004.A.874,Re: [新聞] 柯文哲：那些搞台獨的兒孫全躲美、紐，,apple0159,素質比垃圾五毛還低丟臉,123.194.173.114 11/21 00:34,噓,407,139,237
M.1574237004.A.874,Re: [新聞] 柯文哲：那些搞台獨的兒孫全躲美、紐，,nysky,推!,72.69.72.74 11/21 00:40,推,407,139,237
M.1574237004.A.874,Re: [新聞] 柯文哲：那些搞台獨的兒孫全躲美、紐，,w2234s,糞吃屎。,101.9.18.205 11/21 00:49,推,407,139,237
M.1574237004.A.874,Re: [新聞] 柯文哲：那些搞台獨的兒孫全躲美、紐，,apple0159,素質比五毛還低的人還配用台灣用語嗎,123.194.173.114 11/21 00:51,噓,407,139,237
M.1574237004.A.874,Re: [新聞] 柯文哲：那些搞台獨的兒孫全躲美、紐，,konas,簡單一句，戰爭願意回來就好，其他別廢話,42.74.253.255 11/21 01:21,噓,407,139,237
M.1574237004.A.874,Re: [新聞] 柯文哲：那些搞台獨的兒孫全躲美、紐，,chjh20223,誰跟你白蟑螂笑死 現在是戒嚴嗎？,39.8.4.208 11/21 01:22,噓,407,139,237
M.1574237004.A.874,Re: [新聞] 柯文哲：那些搞台獨的兒孫全躲美、紐，,wfleowang,幫推，柯又在亂講話,118.171.78.185 11/21 02:00,推,407,139,237
M.1574237004.A.874,Re: [新聞] 柯文哲：那些搞台獨的兒孫全躲美、紐，,sonofman,奇怪小強們還這麼多,24.119.9.41 11/21 02:29,→,407,139,237
M.1574237004.A.874,Re: [新聞] 柯文哲：那些搞台獨的兒孫全躲美、紐，,pointer258,超兇XD 一堆廢物柯粉迷政治偶像迷到是,61.223.236.113 11/21 02:33,推,407,139,237
M.1574237004.A.874,Re: [新聞] 柯文哲：那些搞台獨的兒孫全躲美、紐，,pointer258,非不分,61.223.236.113 11/21 02:33,→,407,139,237
M.1574237004.A.874,Re: [新聞] 柯文哲：那些搞台獨的兒孫全躲美、紐，,xacid,科科，國共高層後代也在國外啊,128.84.125.119 11/21 02:48,推,407,139,237
M.1574237004.A.874,Re: [新聞] 柯文哲：那些搞台獨的兒孫全躲美、紐，,CCfss,推你，有親人是只能在美國找工作移民過去,118.169.44.185 11/21 02:53,推,407,139,237
M.1574237004.A.874,Re: [新聞] 柯文哲：那些搞台獨的兒孫全躲美、紐，,CCfss,，小孩基本上完全就是美國人思想了。,118.169.44.185 11/21 02:53,→,407,139,237
M.1574237004.A.874,Re: [新聞] 柯文哲：那些搞台獨的兒孫全躲美、紐，,CCfss,柯這說法就是以前KMT在抹黑台獨的言論,118.169.44.185 11/21 02:54,→,407,139,237
M.1574237004.A.874,Re: [新聞] 柯文哲：那些搞台獨的兒孫全躲美、紐，,snas,一堆噓的是不是收錢阿，都沒有邏輯概念欸,172.58.109.169 11/21 03:01,推,407,139,237
M.1574237004.A.874,Re: [新聞] 柯文哲：那些搞台獨的兒孫全躲美、紐，,apple0159,很好奇你跟家人朋友同事交談是不是也,123.194.173.114 11/21 03:36,推,407,139,237
M.1574237004.A.874,Re: [新聞] 柯文哲：那些搞台獨的兒孫全躲美、紐，,apple0159,滿嘴屎來屎去？,123.194.173.114 11/21 03:36,→,407,139,237
M.1574237004.A.874,Re: [新聞] 柯文哲：那些搞台獨的兒孫全躲美、紐，,labihua,推你 這篇才是正解 原文一堆五毛不知道,61.224.55.236 11/21 04:01,推,407,139,237
M.1574237004.A.874,Re: [新聞] 柯文哲：那些搞台獨的兒孫全躲美、紐，,labihua,戒嚴黑名單這種事件只會扯執政,61.224.55.236 11/21 04:01,→,407,139,237
M.1574237004.A.874,Re: [新聞] 柯文哲：那些搞台獨的兒孫全躲美、紐，,tasira520,你這樣信徒會噓 只要信師傅就好,111.242.141.251 11/21 04:19,推,407,139,237
M.1574237004.A.874,Re: [新聞] 柯文哲：那些搞台獨的兒孫全躲美、紐，,chuanglk,綠共蟑螂嘴巴真髒，1450水準真差,36.230.156.144 11/21 04:19,噓,407,139,237
M.1574237004.A.874,Re: [新聞] 柯文哲：那些搞台獨的兒孫全躲美、紐，,vcyc,前面超多智障噓欸 笑死,128.119.202.222 11/21 05:11,推,407,139,237
M.1574237004.A.874,Re: [新聞] 柯文哲：那些搞台獨的兒孫全躲美、紐，,Zeldaa,搞半天又是卡神集團 浪費我時間噓文 肏,218.164.9.112 11/21 06:40,噓,407,139,237
M.1574237004.A.874,Re: [新聞] 柯文哲：那些搞台獨的兒孫全躲美、紐，,Zeldaa,對了 別腦羞檢舉我洗版阿 你上次跟別人吵,218.164.9.112 11/21 06:43,噓,407,139,237
M.1574237004.A.874,Re: [新聞] 柯文哲：那些搞台獨的兒孫全躲美、紐，,Zeldaa,架吵輸去檢舉 還讓自己被水桶 笑死人了,218.164.9.112 11/21 06:43,→,407,139,237
M.1574237004.A.874,Re: [新聞] 柯文哲：那些搞台獨的兒孫全躲美、紐，,bkool,兇暴,36.231.38.237 11/21 07:05,噓,407,139,237
M.1574237004.A.874,Re: [新聞] 柯文哲：那些搞台獨的兒孫全躲美、紐，,Zeldaa,到底哪家科技業主管上班日能發廢文到凌晨,218.164.9.112 11/21 07:13,噓,407,139,237
M.1574237004.A.874,Re: [新聞] 柯文哲：那些搞台獨的兒孫全躲美、紐，,Zeldaa,要馬前途堪憂 要馬唬爛 這種精力用在公司,218.164.9.112 11/21 07:14,→,407,139,237
M.1574237004.A.874,Re: [新聞] 柯文哲：那些搞台獨的兒孫全躲美、紐，,Zeldaa,早就超越FAANG了 留點精神上班好嗎? 小林,218.164.9.112 11/21 07:15,→,407,139,237
M.1574237004.A.874,Re: [新聞] 柯文哲：那些搞台獨的兒孫全躲美、紐，,sober921,但是替代役喊台獨就很自助餐了，我預官,27.246.170.151 11/21 07:33,噓,407,139,237
M.1574237004.A.874,Re: [新聞] 柯文哲：那些搞台獨的兒孫全躲美、紐，,entaroedun,不錯喔?沒拿錢還那麼賣力護航,223.139.111.34 11/21 07:43,噓,407,139,237
M.1574237004.A.874,Re: [新聞] 柯文哲：那些搞台獨的兒孫全躲美、紐，,EightXD,這種智商還科技業主管勒 衛生環境工程師,27.247.5.39 11/21 07:45,噓,407,139,237
M.1574237004.A.874,Re: [新聞] 柯文哲：那些搞台獨的兒孫全躲美、紐，,EightXD,？台獨只有修憲這條路？知道修憲門檻高,27.247.5.39 11/21 07:45,→,407,139,237
M.1574237004.A.874,Re: [新聞] 柯文哲：那些搞台獨的兒孫全躲美、紐，,EightXD,不會修法改門檻？就你們藉口最多跟國民,27.247.5.39 11/21 07:45,→,407,139,237
M.1574237004.A.874,Re: [新聞] 柯文哲：那些搞台獨的兒孫全躲美、紐，,EightXD,黨一個樣Zzz 勞基法修成什麼樣了？實價,27.247.5.39 11/21 07:45,→,407,139,237
M.1574237004.A.874,Re: [新聞] 柯文哲：那些搞台獨的兒孫全躲美、紐，,EightXD,登錄2.0、礦業法呢？應該只有吸菸吸到腦,27.247.5.39 11/21 07:45,→,407,139,237
M.1574237004.A.874,Re: [新聞] 柯文哲：那些搞台獨的兒孫全躲美、紐，,EightXD,袋趴帶才挺得下去,27.247.5.39 11/21 07:46,→,407,139,237
M.1574237004.A.874,Re: [新聞] 柯文哲：那些搞台獨的兒孫全躲美、紐，,lovelock110,嗯,111.82.135.111 11/21 07:47,噓,407,139,237
M.1574237004.A.874,Re: [新聞] 柯文哲：那些搞台獨的兒孫全躲美、紐，,oeAjen,幫推。柯糞不敢檢討中共高層子女。,69.174.136.160 11/21 08:10,推,407,139,237
M.1574237004.A.874,Re: [新聞] 柯文哲：那些搞台獨的兒孫全躲美、紐，,eternalsmile,柯p 之前228哭跟三小一樣 演的,114.42.40.247 11/21 08:24,推,407,139,237
M.1574237004.A.874,Re: [新聞] 柯文哲：那些搞台獨的兒孫全躲美、紐，,aa2425,洨鶯嗆中而已 家人全躲美國 沒在怕 繼續,180.217.230.132 11/21 08:24,噓,407,139,237
M.1574237004.A.874,Re: [新聞] 柯文哲：那些搞台獨的兒孫全躲美、紐，,quadrad,戰力好強 只能推了,42.76.69.231 11/21 08:36,推,407,139,237
M.1574237004.A.874,Re: [新聞] 柯文哲：那些搞台獨的兒孫全躲美、紐，,fxxkgov,無恥，愧對你的228血統,223.137.77.53 11/21 08:46,噓,407,139,237
M.1574237004.A.874,Re: [新聞] 柯文哲：那些搞台獨的兒孫全躲美、紐，,kodada,推,1.200.32.57 11/21 09:10,推,407,139,237
M.1574237004.A.874,Re: [新聞] 柯文哲：那些搞台獨的兒孫全躲美、紐，,ococ6798,罵舔共的私下拼命舔,39.10.7.236 11/21 09:12,推,407,139,237
M.1574237004.A.874,Re: [新聞] 柯文哲：那些搞台獨的兒孫全躲美、紐，,timppt222,把人逼走再笑他人，至賤無敵,114.45.246.178 11/21 09:14,推,407,139,237
M.1574237004.A.874,Re: [新聞] 柯文哲：那些搞台獨的兒孫全躲美、紐，,Zeldaa,吃屎吧 祝福你成為天下無雙的大蟑螂將軍,122.117.163.127 11/21 09:21,噓,407,139,237
M.1574237004.A.874,Re: [新聞] 柯文哲：那些搞台獨的兒孫全躲美、紐，,Zeldaa,吃屎吧 祝福你成為中華的光之大蟑螂將軍,122.117.163.127 11/21 09:35,噓,407,139,237
M.1574237004.A.874,Re: [新聞] 柯文哲：那些搞台獨的兒孫全躲美、紐，,sample,唉 柯市長 承認失言不難,67.247.96.216 11/21 09:44,推,407,139,237
M.1574237004.A.874,Re: [新聞] 柯文哲：那些搞台獨的兒孫全躲美、紐，,fdac,推,220.137.91.241 11/21 09:58,推,407,139,237
M.1574237004.A.874,Re: [新聞] 柯文哲：那些搞台獨的兒孫全躲美、紐，,mypttsid,推,49.216.44.234 11/21 10:01,推,407,139,237
M.1574237004.A.874,Re: [新聞] 柯文哲：那些搞台獨的兒孫全躲美、紐，,NeitherN,謝謝你 在一片污言穢語顛倒是非中需要,36.224.50.1 11/21 11:24,推,407,139,237
M.1574237004.A.874,Re: [新聞] 柯文哲：那些搞台獨的兒孫全躲美、紐，,NeitherN,這樣的聲音,36.224.50.1 11/21 11:25,→,407,139,237
M.1574237004.A.874,Re: [新聞] 柯文哲：那些搞台獨的兒孫全躲美、紐，,MW1220,樓上 我有同感 太陽花之後 八卦就歪了,111.71.60.90 11/21 11:31,→,407,139,237
M.1574237004.A.874,Re: [新聞] 柯文哲：那些搞台獨的兒孫全躲美、紐，,JoshuaAstray,從昨天戰到今天 你有夠猛,101.14.214.25 11/21 11:47,推,407,139,237
M.1574237004.A.874,Re: [新聞] 柯文哲：那些搞台獨的兒孫全躲美、紐，,Zeldaa,吃屎吧 你充其量只是尾平 怎麼跟我比,122.117.163.127 11/21 12:13,噓,407,139,237
M.1574237004.A.874,Re: [新聞] 柯文哲：那些搞台獨的兒孫全躲美、紐，,pttyzf,推,114.39.50.40 11/21 12:17,推,407,139,237
M.1574237004.A.874,Re: [新聞] 柯文哲：那些搞台獨的兒孫全躲美、紐，,EightXD,笑死這水準XDDD 一個7pupu講一堆五四三,27.247.5.39 11/21 13:27,噓,407,139,237
M.1574237004.A.874,Re: [新聞] 柯文哲：那些搞台獨的兒孫全躲美、紐，,EightXD,，啊是要不要面對勞基法、實價登錄、礦,27.247.5.39 11/21 13:27,→,407,139,237
M.1574237004.A.874,Re: [新聞] 柯文哲：那些搞台獨的兒孫全躲美、紐，,EightXD,業法？國民黨吃屎你民進黨也要跟著吃？,27.247.5.39 11/21 13:27,→,407,139,237
M.1574237004.A.874,Re: [新聞] 柯文哲：那些搞台獨的兒孫全躲美、紐，,EightXD,還是有台灣價值屎也是香的？台灣價值棒,27.247.5.39 11/21 13:27,→,407,139,237
M.1574237004.A.874,Re: [新聞] 柯文哲：那些搞台獨的兒孫全躲美、紐，,EightXD,棒耶！,27.247.5.39 11/21 13:27,→,407,139,237
M.1574237004.A.874,Re: [新聞] 柯文哲：那些搞台獨的兒孫全躲美、紐，,EightXD,衛生環境工程師還不知道是啥喔？笑死XD,27.247.5.39 11/21 13:31,噓,407,139,237
M.1574237004.A.874,Re: [新聞] 柯文哲：那些搞台獨的兒孫全躲美、紐，,EightXD,這智商也是沒誰了，還肉搜你勒，誰沒事,27.247.5.39 11/21 13:31,→,407,139,237
M.1574237004.A.874,Re: [新聞] 柯文哲：那些搞台獨的兒孫全躲美、紐，,EightXD,會肉搜一個低能兒,27.247.5.39 11/21 13:31,→,407,139,237
M.1574237004.A.874,Re: [新聞] 柯文哲：那些搞台獨的兒孫全躲美、紐，,kreator666,我感覺說柯粉是五毛都還侮辱五毛了,203.77.35.240 11/21 13:42,→,407,139,237
M.1574237004.A.874,Re: [新聞] 柯文哲：那些搞台獨的兒孫全躲美、紐，,kreator666,比小粉紅還噁心卻把自己想的比誰都清,203.77.35.240 11/21 13:42,→,407,139,237
M.1574237004.A.874,Re: [新聞] 柯文哲：那些搞台獨的兒孫全躲美、紐，,kreator666,高,203.77.35.240 11/21 13:42,→,407,139,237
M.1574237004.A.874,Re: [新聞] 柯文哲：那些搞台獨的兒孫全躲美、紐，,kreator666,他媽的 我2014還到處幫這垃圾拉票,203.77.35.240 11/21 13:43,→,407,139,237
M.1574237004.A.874,Re: [新聞] 柯文哲：那些搞台獨的兒孫全躲美、紐，,apple0159,上次經過大溪難怪有一陣屎味，你家人,1.167.132.139 11/21 13:58,噓,407,139,237
M.1574237004.A.874,Re: [新聞] 柯文哲：那些搞台獨的兒孫全躲美、紐，,apple0159,比養雞場旁邊的人還可憐,1.167.132.139 11/21 13:58,→,407,139,237
M.1574237004.A.874,Re: [新聞] 柯文哲：那些搞台獨的兒孫全躲美、紐，,WhyThe,跟一些D能白蟑不用講那麼多lar,140.112.41.128 11/21 14:05,推,407,139,237
M.1574237004.A.874,Re: [新聞] 柯文哲：那些搞台獨的兒孫全躲美、紐，,Zeldaa,吃屎吧 你充其量只是戀之丘丘比特的等級,122.117.163.127 11/21 14:42,噓,407,139,237
M.1574237004.A.874,Re: [新聞] 柯文哲：那些搞台獨的兒孫全躲美、紐，,RAPPIRANGAI,推 柯真的要閉嘴,180.217.227.113 11/21 14:50,推,407,139,237
M.1574237004.A.874,Re: [新聞] 柯文哲：那些搞台獨的兒孫全躲美、紐，,Zeldaa,吃屎吧 你連甚麼甚麼三兄弟都不如 suck,122.117.163.127 11/21 16:01,噓,407,139,237
M.1574237004.A.874,Re: [新聞] 柯文哲：那些搞台獨的兒孫全躲美、紐，,Kemuel,,42.73.93.98 11/21 16:07,推,407,139,237
M.1574237004.A.874,Re: [新聞] 柯文哲：那些搞台獨的兒孫全躲美、紐，,qwqw0424,柯糞吃屎,1.200.192.220 11/21 17:42,推,407,139,237
M.1574237004.A.874,Re: [新聞] 柯文哲：那些搞台獨的兒孫全躲美、紐，,apple0159,原來你都不知道已經臭到山下來了阿,42.76.121.223 11/21 18:02,噓,407,139,237
M.1574237004.A.874,Re: [新聞] 柯文哲：那些搞台獨的兒孫全躲美、紐，,Zeldaa,吃屎吧 你連足球社的武藏都不如,122.117.163.127 11/21 20:08,噓,407,139,237
M.1574237004.A.874,Re: [新聞] 柯文哲：那些搞台獨的兒孫全躲美、紐，,sdim,發篇廢文就能獨立嗎,114.44.61.53 11/21 20:50,噓,407,139,237
M.1574237004.A.874,Re: [新聞] 柯文哲：那些搞台獨的兒孫全躲美、紐，,rongyaya,冥進洞永遠是對的,223.136.90.81 11/21 21:11,噓,407,139,237
M.1574237004.A.874,Re: [新聞] 柯文哲：那些搞台獨的兒孫全躲美、紐，,coimbra,我美語老師的爸爸就是當時黑名單被迫出去,220.143.105.149 11/21 21:31,推,407,139,237
M.1574237004.A.874,Re: [新聞] 柯文哲：那些搞台獨的兒孫全躲美、紐，,coimbra,的，他父親被迫跟自己家人分離一二十年，,220.143.105.149 11/21 21:31,→,407,139,237
M.1574237004.A.874,Re: [新聞] 柯文哲：那些搞台獨的兒孫全躲美、紐，,coimbra,小孩還是托人送回台灣給阿公阿嬤叔叔伯伯,220.143.105.149 11/21 21:31,→,407,139,237
M.1574237004.A.874,Re: [新聞] 柯文哲：那些搞台獨的兒孫全躲美、紐，,coimbra,養，並且也在台灣服役。後遺症就是，他,220.143.105.149 11/21 21:31,→,407,139,237
M.1574237004.A.874,Re: [新聞] 柯文哲：那些搞台獨的兒孫全躲美、紐，,coimbra,爸後來與整個家族都不親近，也因為缺席小,220.143.105.149 11/21 21:31,→,407,139,237
M.1574237004.A.874,Re: [新聞] 柯文哲：那些搞台獨的兒孫全躲美、紐，,coimbra,孩成長階段，小孩根本覺得自己像沒有父,220.143.105.149 11/21 21:31,→,407,139,237
M.1574237004.A.874,Re: [新聞] 柯文哲：那些搞台獨的兒孫全躲美、紐，,coimbra,母的，超級疏遠。,220.143.105.149 11/21 21:31,→,407,139,237
M.1574237004.A.874,Re: [新聞] 柯文哲：那些搞台獨的兒孫全躲美、紐，,crazydj,純噓蟑螂,118.163.172.30 11/21 22:21,噓,407,139,237
M.1574237004.A.874,Re: [新聞] 柯文哲：那些搞台獨的兒孫全躲美、紐，,hk5566,白共9.2柯糞紅蟑螂喜韓兒噓起來,125.230.163.210 11/22 00:36,推,407,139,237
M.1574237004.A.874,Re: [新聞] 柯文哲：那些搞台獨的兒孫全躲美、紐，,rankb123,民眾黨在吃淺藍的票,123.192.181.157 11/22 00:39,推,407,139,237
M.1574237004.A.874,Re: [新聞] 柯文哲：那些搞台獨的兒孫全躲美、紐，,apple0159,你自稱魯叔是不是在玩什麼角色扮演的遊,61.102.158.250 11/22 07:52,噓,407,139,237
M.1574237004.A.874,Re: [新聞] 柯文哲：那些搞台獨的兒孫全躲美、紐，,apple0159,戲，還是因為想紅阿但是看推文又沒人認,61.102.158.250 11/22 07:53,→,407,139,237
M.1574237004.A.874,Re: [新聞] 柯文哲：那些搞台獨的兒孫全躲美、紐，,apple0159,識你，改名叫吃屎王應該紅比較快噢,61.102.158.250 11/22 07:53,→,407,139,237
M.1574237004.A.874,Re: [新聞] 柯文哲：那些搞台獨的兒孫全躲美、紐，,pttha,幻想白蟑螂= =,114.137.6.228 11/22 09:06,噓,407,139,237
M.1574237004.A.874,Re: [新聞] 柯文哲：那些搞台獨的兒孫全躲美、紐，,tomet,補血，這板罵柯會被瘋狂ㄒㄩ,220.132.118.123 11/22 09:19,推,407,139,237
M.1574237004.A.874,Re: [新聞] 柯文哲：那些搞台獨的兒孫全躲美、紐，,wangyc,https://reurl.cc/dryeOV,150.117.156.72 11/22 10:02,推,407,139,237
M.1574237004.A.874,Re: [新聞] 柯文哲：那些搞台獨的兒孫全躲美、紐，,Zeldaa,吃屎吧 在峨王美麗的力量面前 你只是可悲,122.117.163.127 11/22 10:15,噓,407,139,237
M.1574237004.A.874,Re: [新聞] 柯文哲：那些搞台獨的兒孫全躲美、紐，,bfh,辛苦了 一堆狗跑到推文來亂 原文很棒,165.225.102.61 11/22 10:49,推,407,139,237
M.1574237004.A.874,Re: [新聞] 柯文哲：那些搞台獨的兒孫全躲美、紐，,SinShih,柯這說法和kmter根本如出一轍,111.254.78.19 11/22 11:14,→,407,139,237
M.1574237004.A.874,Re: [新聞] 柯文哲：那些搞台獨的兒孫全躲美、紐，,apple0159,原來你是真的想紅阿，根本沒人想知道你,61.102.158.250 11/23 02:26,噓,407,139,237
M.1574237004.A.874,Re: [新聞] 柯文哲：那些搞台獨的兒孫全躲美、紐，,apple0159,老不老阿哈哈，那不然叫老吃屎王好了,61.102.158.250 11/23 02:27,→,407,139,237
M.1574237004.A.874,Re: [新聞] 柯文哲：那些搞台獨的兒孫全躲美、紐，,Zeldaa,吃屎吧 每日任務(1/1),122.117.163.127 11/23 09:57,噓,407,139,237
M.1574237004.A.874,Re: [新聞] 柯文哲：那些搞台獨的兒孫全躲美、紐，,Zeldaa,你還在喔? 你跟廢物龐煖一樣 滾去吃屎,114.40.96.211 11/23 21:09,噓,407,139,237
M.1574237004.A.874,Re: [新聞] 柯文哲：那些搞台獨的兒孫全躲美、紐，,apple0159,我哪句話有反駁過老吃屎王的本文了，,61.102.158.250 11/24 00:38,噓,407,139,237
M.1574237004.A.874,Re: [新聞] 柯文哲：那些搞台獨的兒孫全躲美、紐，,apple0159,老吃屎王不識字嗎？我只是路見屎臭拔刀,61.102.158.250 11/24 00:39,→,407,139,237
M.1574237004.A.874,Re: [新聞] 柯文哲：那些搞台獨的兒孫全躲美、紐，,apple0159,相助，真的太臭了啦少吃一點,61.102.158.250 11/24 00:40,→,407,139,237
M.1574237004.A.874,Re: [新聞] 柯文哲：那些搞台獨的兒孫全躲美、紐，,hemmelige,支障智商太低,1.167.52.70 11/26 17:56,推,407,139,237
M.1574237004.A.874,Re: [新聞] 柯文哲：那些搞台獨的兒孫全躲美、紐，,Zeldaa,還記得我嗎? 什麼大聲點你是87DPP,122.121.105.109 11/27 06:03,噓,407,139,237
M.1574237004.A.874,Re: [新聞] 柯文哲：那些搞台獨的兒孫全躲美、紐，,egod0821,"不敢回來就承認,講在多都是屁",1.169.172.59 11/30 12:11,噓,407,139,237
M.1574237004.A.874,Re: [新聞] 柯文哲：那些搞台獨的兒孫全躲美、紐，,Zeldaa,87,122.121.96.10 12/04 07:08,噓,407,139,237
